category,nbr_rooms,area,Negotiable,price,Locality ,pincode,Type,address
"Maison 4 pièces 93 m²
Lille 59000 (Lille-Sud)",4,93,No,192000,Lille-Sud,59000,Maison,Lille 59000 (Lille-Sud)
"Maison 4 pièces 117 m²
Lille 59800 (Saint-Maurice - Pellevoisin)",4,117,No,325500,Saint-Maurice - Pellevoisin,59800,Maison,Lille 59800 (Saint-Maurice - Pellevoisin)
"VILL'ARBOREA (appartements neufs 1 à 5 pièces)
Lille 59160 (Bourg - Délivrance)",4,65,Yes,277500,Bourg - Délivrance,59160,Appartement,Lille 59160 (Bourg - Délivrance)
"EDENIUM (appartements neufs 2 à 5 pièces)
Lille 59000 (Lille-Sud)",4,61,Yes,214025.5,Lille-Sud,59000,Appartement,Lille 59000 (Lille-Sud)
"PARENTHESE VERTE (appartements neufs 1 à 4 pièces)
Lille 59000 (Lille-Sud)",4,83,Yes,257000,Lille-Sud,59000,Appartement,Lille 59000 (Lille-Sud)
"LES VILLAS DE LA VISSERIE (3 à 5 pièces)
Lille 59000 (Centre-ville - Euralille)",5,183,Yes,535000,Centre-ville - Euralille,59000,VILLA,Lille 59000 (Centre-ville - Euralille)
"PAVILLON DU JARDIN DES PLANTES (appartements neufs 3 pièces)
Lille 59000 (Moulins)",3,72,Yes,240000,Moulins,59000,Appartement,Lille 59000 (Moulins)
"L'INTERLUDE (appartements neufs 1 à 3 pièces)
Lille 59000 (Fives)",2,45,Yes,161000,Fives,59000,Appartement,Lille 59000 (Fives)
"LES JARDINS BO'TANIC (appartements neufs 2 à 3 pièces)
Lomme 59160 (Sud Marais)",3,54,Yes,223000,Sud Marais,59160,Appartement,Lomme 59160 (Sud Marais)
"Appartement 5 pièces 106 m²
Lille 59000 (Centre-ville - Euralille)",5,106,No,339000,Centre-ville - Euralille,59000,Appartement,Lille 59000 (Centre-ville - Euralille)
"Appartement 4 pièces 77 m²
Lille 59800 (Vauban - Esquermes)",4,77,No,299000,Vauban - Esquermes,59800,Appartement,Lille 59800 (Vauban - Esquermes)
"Appartement 4 pièces 77 m²
Lille 59800 (Vauban - Esquermes)",4,77,No,299000,Vauban - Esquermes,59800,Appartement,Lille 59800 (Vauban - Esquermes)
"Appartement 3 pièces 72 m²
Lomme 59160 (Sud Marais)",3,72,No,180000,Sud Marais,59160,Appartement,Lomme 59160 (Sud Marais)
"Maison 5 pièces 105 m²
Lille 59800 (Fives)",5,105,No,240000,Fives,59800,Maison,Lille 59800 (Fives)
"Appartement 2 pièces 52 m²
Lille 59800 (Saint-Maurice - Pellevoisin)",2,52,No,199000,Saint-Maurice - Pellevoisin,59800,Appartement,Lille 59800 (Saint-Maurice - Pellevoisin)
"Appartement 4 pièces 76 m²
Lille 59800 (Centre-ville - Euralille)",4,76,No,365000,Centre-ville - Euralille,59800,Appartement,Lille 59800 (Centre-ville - Euralille)
"Appartement 4 pièces 90 m²
Lille 59160 (Sud Marais)",4,90,No,285150,Sud Marais,59160,Appartement,Lille 59160 (Sud Marais)
"Appartement 3 pièces 56 m²
Lille 59000 (Wazemmes)",3,56,No,224000,Wazemmes,59000,Appartement,Lille 59000 (Wazemmes)
"Appartement 4 pièces 90 m²
Lille 59000 (Centre-ville - Euralille)",4,90,No,269475,Centre-ville - Euralille,59000,Appartement,Lille 59000 (Centre-ville - Euralille)
"Appartement 3 pièces 66 m²
Lille 59000 (Moulins)",3,66,No,185000,Moulins,59000,Appartement,Lille 59000 (Moulins)
"Maison 9 pièces 160 m²
Lille 59000 (Saint-Maurice - Pellevoisin)",9,160,No,564500,Saint-Maurice - Pellevoisin,59000,Maison,Lille 59000 (Saint-Maurice - Pellevoisin)
"Appartement 3 pièces 62 m²
Lille 59800 (Vieux Lille)",3,62,No,124740,Vieux Lille,59800,Appartement,Lille 59800 (Vieux Lille)
"Maison 4 pièces 101 m²
Lomme 59160 (Bourg - Délivrance)",4,101,No,207750,Bourg - Délivrance,59160,Maison,Lomme 59160 (Bourg - Délivrance)
"Appartement 3 pièces 60 m²
Lille 59000 (Wazemmes)",3,60,No,187620,Wazemmes,59000,Appartement,Lille 59000 (Wazemmes)
"Appartement 4 pièces 89 m²
Lille 59800 (Fives)",4,89,No,229500,Fives,59800,Appartement,Lille 59800 (Fives)
"Studio 29 m²
Lille 59000 (Fives)",1,29,No,177500,Fives,59000,Studio,Lille 59000 (Fives)
"Appartement 4 pièces 80 m²
Lille 59800 (Saint-Maurice - Pellevoisin)",4,80,No,259500,Saint-Maurice - Pellevoisin,59800,Appartement,Lille 59800 (Saint-Maurice - Pellevoisin)
"Maison 4 pièces 93 m²
Lille 59000 (Vauban - Esquermes)",4,93,No,241850,Vauban - Esquermes,59000,Maison,Lille 59000 (Vauban - Esquermes)
"Appartement 7 pièces 204 m²
Lille 59000 (Vauban - Esquermes)",7,204,No,591928,Vauban - Esquermes,59000,Appartement,Lille 59000 (Vauban - Esquermes)
"Maison 4 pièces 90 m²
Hellemmes-Lille 59260 (Fives)",4,90,No,116150,Fives,59260,Maison,Hellemmes-Lille 59260 (Fives)
"Maison 4 pièces 85 m²
Lille 59000 (Vauban - Esquermes)",4,85,No,240200,Vauban - Esquermes,59000,Maison,Lille 59000 (Vauban - Esquermes)
"Appartement 3 pièces 61 m²
Lille 59000 (Vauban - Esquermes)",3,61,No,240235,Vauban - Esquermes,59000,Appartement,Lille 59000 (Vauban - Esquermes)
"Appartement 1 pièce 25 m²
Lille 59800 (Centre-ville - Euralille)",1,25,No,171000,Centre-ville - Euralille,59800,Appartement,Lille 59800 (Centre-ville - Euralille)
"Appartement 3 pièces 98 m²
Lille 59800 (Centre-ville - Euralille)",3,98,No,440000,Centre-ville - Euralille,59800,Appartement,Lille 59800 (Centre-ville - Euralille)
"Appartement 3 pièces 63 m²
Lille 59000 (Saint-Maurice - Pellevoisin)",3,63,No,230000,Saint-Maurice - Pellevoisin,59000,Appartement,Lille 59000 (Saint-Maurice - Pellevoisin)
"Appartement 4 pièces 80 m²
Lille 59800 (Saint-Maurice - Pellevoisin)",4,80,No,259500,Saint-Maurice - Pellevoisin,59800,Appartement,Lille 59800 (Saint-Maurice - Pellevoisin)
"Appartement 3 pièces 83 m²
Lille 59800 (Centre-ville - Euralille)",3,83,No,325000,Centre-ville - Euralille,59800,Appartement,Lille 59800 (Centre-ville - Euralille)
"Appartement 3 pièces 68 m²
Lille 59000 (Faubourg de Béthune)",3,68,No,189500,Faubourg de Béthune,59000,Appartement,Lille 59000 (Faubourg de Béthune)
"Appartement 3 pièces 76 m²
Lille 59000 (Hellemmes Centre-ville - Pavé du Moulin)",3,76,No,215000,Hellemmes ,59000,Appartement,Lille 59000 (Hellemmes Centre-ville - Pavé du Moulin)
"Appartement 1 pièce 20 m²
Lille 59000 (Wazemmes)",1,20,No,99500,Wazemmes,59000,Appartement,Lille 59000 (Wazemmes)
"Appartement 2 pièces 44 m²
Lille 59000 (Moulins)",2,44,No,183570,Moulins,59000,Appartement,Lille 59000 (Moulins)
"Appartement 2 pièces 52 m²
Lille 59000 (Vieux Lille)",2,52,No,236063,Vieux Lille,59000,Appartement,Lille 59000 (Vieux Lille)
"Maison 5 pièces 100 m²
Lille 59000 (Lille-Sud)",5,100,No,295000,Lille-Sud,59000,Maison,Lille 59000 (Lille-Sud)
"Appartement 2 pièces 30 m²
Lille 59800 (Vieux Lille)",2,30,No,185000,Vieux Lille,59800,Appartement,Lille 59800 (Vieux Lille)
"Maison 7 pièces 200 m²
Lille 59000 (Lille-Sud)",7,200,No,584000,Lille-Sud,59000,Maison,Lille 59000 (Lille-Sud)
"Maison 9 pièces 237 m²
Lille 59000 (Bois Blanc)",9,237,No,661350,Bois Blanc,59000,Maison,Lille 59000 (Bois Blanc)
"Maison 6 pièces 227 m²
Lille 59000 (Bourg - Délivrance)",6,227,No,589000,Bourg - Délivrance,59000,Maison,Lille 59000 (Bourg - Délivrance)
"Appartement 2 pièces 47 m²
Lille 59000 (Saint-Maurice - Pellevoisin)",2,47,No,194069,Saint-Maurice - Pellevoisin,59000,Appartement,Lille 59000 (Saint-Maurice - Pellevoisin)
"Appartement 3 pièces 84 m²
Lille 59000 (Saint-Maurice - Pellevoisin)",3,84,No,265000,Saint-Maurice - Pellevoisin,59000,Appartement,Lille 59000 (Saint-Maurice - Pellevoisin)
"Appartement 2 pièces 45 m²
Lille 59000 (Fives)",2,45,No,113800,Fives,59000,Appartement,Lille 59000 (Fives)
"Appartement 4 pièces 119 m²
Lille 59800 (Saint-Maurice - Pellevoisin)",4,119,No,399990,Saint-Maurice - Pellevoisin,59800,Appartement,Lille 59800 (Saint-Maurice - Pellevoisin)
"Appartement 4 pièces 100 m²
Lille 59800 (Centre-ville - Euralille)",4,100,No,443500,Centre-ville - Euralille,59800,Appartement,Lille 59800 (Centre-ville - Euralille)
"Maison 3 pièces 42 m²
Lille 59000 (Moulins)",3,42,No,118500,Moulins,59000,Maison,Lille 59000 (Moulins)
"Appartement 3 pièces 95 m²
Lille 59000 (Saint-Maurice - Pellevoisin)",3,95,No,340000,Saint-Maurice - Pellevoisin,59000,Appartement,Lille 59000 (Saint-Maurice - Pellevoisin)
"Appartement 2 pièces 35 m²
Lille 59000 (Wazemmes)",2,35,No,125465,Wazemmes,59000,Appartement,Lille 59000 (Wazemmes)
"Appartement 1 pièce 21 m²
Lille 59000 (Moulins)",1,21,No,76200,Moulins,59000,Appartement,Lille 59000 (Moulins)
"Appartement 2 pièces 56 m²
Lille 59000 (Moulins)",2,56,No,195000,Moulins,59000,Appartement,Lille 59000 (Moulins)
"Appartement 3 pièces 90 m²
Lille 59000 (Centre-ville - Euralille)",3,90,No,450000,Centre-ville - Euralille,59000,Appartement,Lille 59000 (Centre-ville - Euralille)
"Appartement 2 pièces 43 m²
Lille 59000 (Saint-Maurice - Pellevoisin)",2,43,No,150000,Saint-Maurice - Pellevoisin,59000,Appartement,Lille 59000 (Saint-Maurice - Pellevoisin)
"Maison 5 pièces 147 m²
Lille 59000 (Wazemmes)",5,147,No,599000,Wazemmes,59000,Maison,Lille 59000 (Wazemmes)
"Appartement 3 pièces 62 m²
Lille 59000 (Mont à Camp - Marais)",3,62,No,262310,Mont à Camp - Marais,59000,Appartement,Lille 59000 (Mont à Camp - Marais)
"Maison 4 pièces 180 m²
Lille 59000 (Fives)",4,180,No,680000,Fives,59000,Maison,Lille 59000 (Fives)
"Appartement 4 pièces 85 m²
Lille 59000 (Saint-Maurice - Pellevoisin)",4,85,No,261000,Saint-Maurice - Pellevoisin,59000,Appartement,Lille 59000 (Saint-Maurice - Pellevoisin)
"Maison 7 pièces 260 m²
Lomme 59160 (Mitterie)",7,260,No,797000,Mitterie,59160,Maison,Lomme 59160 (Mitterie)
"Appartement 1 pièce 82 m²
Lille 59000 (Fives)",1,82,No,162000,Fives,59000,Appartement,Lille 59000 (Fives)
"Appartement 1 pièce 150 m²
Lille 59000 (Fives)",1,150,No,205000,Fives,59000,Appartement,Lille 59000 (Fives)
"Appartement 3 pièces 73 m²
Lille 59800 (Centre-ville - Euralille)",3,73,No,220000,Centre-ville - Euralille,59800,Appartement,Lille 59800 (Centre-ville - Euralille)
"Appartement 3 pièces 82 m²
Lille 59000 (Vauban - Esquermes)",3,82,No,299000,Vauban - Esquermes,59000,Appartement,Lille 59000 (Vauban - Esquermes)
"Maison 8 pièces 200 m²
Lille 59000 (Wazemmes)",8,200,No,567300,Wazemmes,59000,Maison,Lille 59000 (Wazemmes)
"Appartement 3 pièces 65 m²
Lille 59000 (Saint-Maurice - Pellevoisin)",3,65,No,238500,Saint-Maurice - Pellevoisin,59000,Appartement,Lille 59000 (Saint-Maurice - Pellevoisin)
"Appartement 2 pièces 39 m²
Lille 59000 (Moulins)",2,39,No,113900,Moulins,59000,Appartement,Lille 59000 (Moulins)
"Appartement 1 pièce 19 m²
Lille 59000 (Faubourg de Béthune)",1,19,No,52000,Faubourg de Béthune,59000,Appartement,Lille 59000 (Faubourg de Béthune)
"Appartement 2 pièces 49 m²
Lille 59000 (Centre-ville - Euralille)",2,49,No,189000,Centre-ville - Euralille,59000,Appartement,Lille 59000 (Centre-ville - Euralille)
"Appartement 4 pièces 136 m²
Lille 59000 (Centre-ville - Euralille)",4,136,No,483000,Centre-ville - Euralille,59000,Appartement,Lille 59000 (Centre-ville - Euralille)
"Maison 4 pièces 93 m²
Lille 59000 (Lille-Sud)",4,93,No,192000,Lille-Sud,59000,Maison,Lille 59000 (Lille-Sud)
"Appartement 2 pièces 43 m²
Lomme 59160 (Mont à Camp - Marais)",2,43,No,162481,Mont à Camp - Marais,59160,Appartement,Lomme 59160 (Mont à Camp - Marais)
"Duplex 5 pièces 105 m²
Lille 59000 (Vauban - Esquermes)",5,105,No,380000,Vauban - Esquermes,59000,VILLA,Lille 59000 (Vauban - Esquermes)
"Appartement 2 pièces 40 m²
Lomme 59160 (Mitterie)",2,40,No,107000,Mitterie,59160,Appartement,Lomme 59160 (Mitterie)
"Appartement 4 pièces 77 m²
Lille 59800 (Vauban - Esquermes)",4,77,No,299000,Vauban - Esquermes,59800,Appartement,Lille 59800 (Vauban - Esquermes)
"Appartement 3 pièces 64 m²
Lille 59000 (Saint-Maurice - Pellevoisin)",3,64,No,190000,Saint-Maurice - Pellevoisin,59000,Appartement,Lille 59000 (Saint-Maurice - Pellevoisin)
"Maison 1 pièce 113 m²
Lille 59000 (Fives)",1,113,No,180000,Fives,59000,Maison,Lille 59000 (Fives)
"Duplex 4 pièces 101 m²
Lille 59000 (Vieux Lille)",4,101,No,483000,Vieux Lille,59000,VILLA,Lille 59000 (Vieux Lille)
"Appartement 4 pièces 83 m²
Lille 59000 (Moulins)",4,83,No,185500,Moulins,59000,Appartement,Lille 59000 (Moulins)
"Studio 17 m²
Lille 59000 (Wazemmes)",1,17,No,97000,Wazemmes,59000,Studio,Lille 59000 (Wazemmes)
"Appartement 3 pièces 66 m²
Lille 59000 (Lille-Sud)",3,66,No,233500,Lille-Sud,59000,Appartement,Lille 59000 (Lille-Sud)
"Appartement 4 pièces 99 m²
Lille 59000 (Saint-Maurice - Pellevoisin)",4,99,No,275000,Saint-Maurice - Pellevoisin,59000,Appartement,Lille 59000 (Saint-Maurice - Pellevoisin)
"Maison 4 pièces 117 m²
Lille 59800 (Saint-Maurice - Pellevoisin)",4,117,No,325500,Saint-Maurice - Pellevoisin,59800,Maison,Lille 59800 (Saint-Maurice - Pellevoisin)
"Appartement 3 pièces 68 m²
Lille 59000 (Centre-ville - Euralille)",3,68,No,364000,Centre-ville - Euralille,59000,Appartement,Lille 59000 (Centre-ville - Euralille)
"Appartement 4 pièces 90 m²
Lille 59000 (Lille-Sud)",4,90,No,347000,Lille-Sud,59000,Appartement,Lille 59000 (Lille-Sud)
"Appartement 2 pièces 48 m²
Lille 59000 (Wazemmes)",2,48,No,188000,Wazemmes,59000,Appartement,Lille 59000 (Wazemmes)
"Appartement 2 pièces 46 m²
Lille 59000 (Saint-Maurice - Pellevoisin)",2,46,No,180000,Saint-Maurice - Pellevoisin,59000,Appartement,Lille 59000 (Saint-Maurice - Pellevoisin)
"Studio 35 m²
Lille 59000 (Vauban - Esquermes)",1,35,No,119350,Vauban - Esquermes,59000,Studio,Lille 59000 (Vauban - Esquermes)
"Appartement 3 pièces 65 m²
Lille 59000 (Bois Blanc)",3,65,No,274500,Bois Blanc,59000,Appartement,Lille 59000 (Bois Blanc)
"Appartement 2 pièces 45 m²
Lille 59000 (Moulins)",2,45,No,176000,Moulins,59000,Appartement,Lille 59000 (Moulins)
"Studio 14 m²
Lille 59000 (Fives)",1,14,No,52500,Fives,59000,Studio,Lille 59000 (Fives)
"Appartement 2 pièces 43 m²
Lille 59000 (Lille-Sud)",2,43,No,155250,Lille-Sud,59000,Appartement,Lille 59000 (Lille-Sud)
"Appartement 3 pièces 63 m²
Lille 59800 (Fives)",3,63,No,189000,Fives,59800,Appartement,Lille 59800 (Fives)
"Appartement 1 pièce 17 m²
Lille 59000 (Vauban - Esquermes)",1,17,No,91000,Vauban - Esquermes,59000,Appartement,Lille 59000 (Vauban - Esquermes)
"Appartement 2 pièces 50 m²
Lille 59000 (Wazemmes)",2,50,No,200000,Wazemmes,59000,Appartement,Lille 59000 (Wazemmes)
"Appartement 3 pièces 83 m²
Lille 59000 (Mont à Camp - Marais)",3,83,No,199500,Mont à Camp - Marais,59000,Appartement,Lille 59000 (Mont à Camp - Marais)
"Maison 9 pièces 190 m²
Lille 59000 (Vauban - Esquermes)",9,190,No,672000,Vauban - Esquermes,59000,Maison,Lille 59000 (Vauban - Esquermes)
"Appartement 4 pièces 90 m²
Lille 59000 (Vieux Lille)",4,90,No,286500,Vieux Lille,59000,Appartement,Lille 59000 (Vieux Lille)
"Appartement 2 pièces 42 m²
Lille 59000 (Centre-ville - Euralille)",2,42,No,177000,Centre-ville - Euralille,59000,Appartement,Lille 59000 (Centre-ville - Euralille)
"Maison 4 pièces 81 m²
Lille 59000 (Vauban - Esquermes)",4,81,No,255000,Vauban - Esquermes,59000,Maison,Lille 59000 (Vauban - Esquermes)
"Maison 3 pièces 75 m²
Lille 59000 (Wazemmes)",3,75,No,199500,Wazemmes,59000,Maison,Lille 59000 (Wazemmes)
"Appartement 3 pièces 96 m²
Lille 59000 (Fives)",3,96,No,243000,Fives,59000,Appartement,Lille 59000 (Fives)
"Appartement 3 pièces 65 m²
Lille 59000 (Faubourg de Béthune)",3,65,No,222450,Faubourg de Béthune,59000,Appartement,Lille 59000 (Faubourg de Béthune)
"Appartement 2 pièces 43 m²
Lille 59000 (Centre-ville - Euralille)",2,43,No,199500,Centre-ville - Euralille,59000,Appartement,Lille 59000 (Centre-ville - Euralille)
"Studio 20 m²
Lille 59000 (Faubourg de Béthune)",1,20,No,65000,Faubourg de Béthune,59000,Studio,Lille 59000 (Faubourg de Béthune)
"Appartement 3 pièces 75 m²
Lille 59800 (Fives)",3,75,No,232900,Fives,59800,Appartement,Lille 59800 (Fives)
"Studio
Lille 59800 (Vauban - Esquermes)",1,20,No,140000,Vauban - Esquermes,59800,Studio ,Lille 59800 (Vauban - Esquermes)
"Appartement 2 pièces 49 m²
Lille 59000 (Hellemmes Centre-ville - Pavé du Moulin)",2,49,No,360000,Hellemmes ,59000,Appartement,Lille 59000 (Hellemmes Centre-ville - Pavé du Moulin)
"Appartement 1 pièce 20 m²
Lille 59000 (Hellemmes Guinguette)",1,20,No,109900,Hellemmes ,59000,Appartement,Lille 59000 (Hellemmes Guinguette)
"Appartement 3 pièces 71 m²
Lille 59000 (Lille-Sud)",3,71,No,239500,Lille-Sud,59000,Appartement,Lille 59000 (Lille-Sud)
"Maison 4 pièces 117 m²
Lille 59000 (Wazemmes)",4,117,No,316500,Wazemmes,59000,Maison,Lille 59000 (Wazemmes)
"Appartement 4 pièces 90 m²
Lille 59000 (Saint-Maurice - Pellevoisin)",4,90,No,249000,Saint-Maurice - Pellevoisin,59000,Appartement,Lille 59000 (Saint-Maurice - Pellevoisin)
"Appartement 4 pièces 110 m²
Lille 59800 (Centre-ville - Euralille)",4,110,No,394875,Centre-ville - Euralille,59800,Appartement,Lille 59800 (Centre-ville - Euralille)
"Appartement 3 pièces 73 m²
Lille 59160 (Sud Marais)",3,73,No,174900,Sud Marais,59160,Appartement,Lille 59160 (Sud Marais)
"Maison 5 pièces 136 m²
Lille 59000 (Centre-ville - Euralille)",5,136,No,645000,Centre-ville - Euralille,59000,Maison,Lille 59000 (Centre-ville - Euralille)
"Appartement 5 pièces 110 m²
Lille 59000 (Lille-Sud)",5,110,No,298000,Lille-Sud,59000,Appartement,Lille 59000 (Lille-Sud)
"Appartement 4 pièces 92 m²
Lille 59000 (Saint-Maurice - Pellevoisin)",4,92,No,236250,Saint-Maurice - Pellevoisin,59000,Appartement,Lille 59000 (Saint-Maurice - Pellevoisin)
"Appartement 3 pièces 70 m²
Lille 59800 (Saint-Maurice - Pellevoisin)",3,70,No,252000,Saint-Maurice - Pellevoisin,59800,Appartement,Lille 59800 (Saint-Maurice - Pellevoisin)
"Duplex 4 pièces 77 m²
Lille 59000 (Lille-Sud)",4,77,No,238000,Lille-Sud,59000,VILLA,Lille 59000 (Lille-Sud)
"Duplex 4 pièces 92 m²
Lille 59000 (Lille-Sud)",4,92,No,266000,Lille-Sud,59000,VILLA,Lille 59000 (Lille-Sud)
"Appartement 4 pièces 87 m²
Lille 59000 (Lille-Sud)",4,87,No,311000,Lille-Sud,59000,Appartement,Lille 59000 (Lille-Sud)
"Appartement 2 pièces 41 m²
Lille 59000 (Centre-ville - Euralille)",2,41,No,165500,Centre-ville - Euralille,59000,Appartement,Lille 59000 (Centre-ville - Euralille)
"Appartement 2 pièces 50 m²
Lille 59000 (Wazemmes)",2,50,No,220500,Wazemmes,59000,Appartement,Lille 59000 (Wazemmes)
"Appartement 3 pièces 113 m²
Lille 59800 (Vieux Lille)",3,113,No,638495,Vieux Lille,59800,Appartement,Lille 59800 (Vieux Lille)
"Maison 5 pièces 150 m²
Lomme 59160 (Mitterie)",5,150,No,259900,Mitterie,59160,Maison,Lomme 59160 (Mitterie)
"Appartement 2 pièces 59 m²
Lille 59000 (Wazemmes)",2,59,No,259000,Wazemmes,59000,Appartement,Lille 59000 (Wazemmes)
"Appartement 3 pièces 71 m²
Lille 59000 (Centre-ville - Euralille)",3,71,No,232000,Centre-ville - Euralille,59000,Appartement,Lille 59000 (Centre-ville - Euralille)
"Appartement 3 pièces 81 m²
Lille 59000 (Mont à Camp - Marais)",3,81,No,259000,Mont à Camp - Marais,59000,Appartement,Lille 59000 (Mont à Camp - Marais)
"Appartement 1 pièce 12 m²
Lille 59000 (Wazemmes)",1,12,No,99600,Wazemmes,59000,Appartement,Lille 59000 (Wazemmes)
"Maison 4 pièces 120 m²
Lomme 59160 (Sud Marais)",4,120,No,222450,Sud Marais,59160,Maison,Lomme 59160 (Sud Marais)
"Appartement 4 pièces 100 m²
Lille 59800 (Centre-ville - Euralille)",4,100,No,443500,Centre-ville - Euralille,59800,Appartement,Lille 59800 (Centre-ville - Euralille)
"Appartement 3 pièces 62 m²
Lille 59260 (Hellemmes Centre-ville - Pavé du Moulin)",3,62,No,145800,Hellemmes ,59260,Appartement,Lille 59260 (Hellemmes Centre-ville - Pavé du Moulin)
"Appartement 1 pièce 32 m²
Lille 59800 (Centre-ville - Euralille)",1,32,No,134817,Centre-ville - Euralille,59800,Appartement,Lille 59800 (Centre-ville - Euralille)
"Maison 7 pièces 185 m²
Lomme 59160 (Bois Blanc)",7,185,No,584000,Bois Blanc,59160,Maison,Lomme 59160 (Bois Blanc)
"Appartement 1 pièce
Lille 59800 (Fives)",1,15,No,56500,Fives,59800,Appartement,Lille 59800 (Fives)
"Appartement 3 pièces 63 m²
Lille 59000 (Vauban - Esquermes)",3,63,No,180000,Vauban - Esquermes,59000,Appartement,Lille 59000 (Vauban - Esquermes)
"Appartement 2 pièces 40 m²
Lomme 59160 (Bourg - Délivrance)",2,40,No,148500,Bourg - Délivrance,59160,Appartement,Lomme 59160 (Bourg - Délivrance)
"Maison 7 pièces 185 m²
Lille 59000 (Bois Blanc)",7,185,No,584000,Bois Blanc,59000,Maison,Lille 59000 (Bois Blanc)
"Maison 5 pièces 105 m²
Lille 59000 (Fives)",5,105,No,295000,Fives,59000,Maison,Lille 59000 (Fives)
"Maison 5 pièces 105 m²
Lille 59000 (Fives)",5,105,No,295000,Fives,59000,Maison,Lille 59000 (Fives)
"Maison 3 pièces 40 m²
Lille 59000 (Bois Blanc)",3,40,No,119900,Bois Blanc,59000,Maison,Lille 59000 (Bois Blanc)
"Appartement 2 pièces 40 m²
Lomme 59160 (Mitterie)",2,40,No,107000,Mitterie,59160,Appartement,Lomme 59160 (Mitterie)
"Appartement 1 pièce 17 m²
Lille 59000 (Moulins)",1,17,No,78500,Moulins,59000,Appartement,Lille 59000 (Moulins)
"Appartement 2 pièces 35 m²
Lille 59000 (Moulins)",2,35,No,109000,Moulins,59000,Appartement,Lille 59000 (Moulins)
"Appartement 1 pièce 33 m²
Lille 59000 (Centre-ville - Euralille)",1,33,No,241726,Centre-ville - Euralille,59000,Appartement,Lille 59000 (Centre-ville - Euralille)
"Appartement 4 pièces 74 m²
Lille 59000 (Centre-ville - Euralille)",4,74,No,358400,Centre-ville - Euralille,59000,Appartement,Lille 59000 (Centre-ville - Euralille)
"Appartement 3 pièces 118 m²
Lille 59000 (Centre-ville - Euralille)",3,118,No,778590,Centre-ville - Euralille,59000,Appartement,Lille 59000 (Centre-ville - Euralille)
"Appartement 12 pièces 184 m²
Lille 59000 (Centre-ville - Euralille)",12,184,No,1097000,Centre-ville - Euralille,59000,Appartement,Lille 59000 (Centre-ville - Euralille)
"Appartement 3 pièces 65 m²
Lille 59000 (Centre-ville - Euralille)",3,65,No,208000,Centre-ville - Euralille,59000,Appartement,Lille 59000 (Centre-ville - Euralille)
"Studio 29 m²
Lille 59000 (Fives)",1,29,No,177500,Fives,59000,Studio,Lille 59000 (Fives)
"Appartement 2 pièces 42 m²
Lille 59000 (Fives)",2,42,No,252400,Fives,59000,Appartement,Lille 59000 (Fives)
"Appartement 3 pièces 82 m²
Lille 59000 (Vauban - Esquermes)",3,82,No,299000,Vauban - Esquermes,59000,Appartement,Lille 59000 (Vauban - Esquermes)
"Appartement 3 pièces 95 m²
Lille 59000 (Saint-Maurice - Pellevoisin)",3,95,No,340000,Saint-Maurice - Pellevoisin,59000,Appartement,Lille 59000 (Saint-Maurice - Pellevoisin)
"Appartement 3 pièces 73 m²
Lille 59000 (Fives)",3,73,No,423600,Fives,59000,Appartement,Lille 59000 (Fives)
"Appartement 3 pièces 73 m²
Lille 59000 (Vauban - Esquermes)",3,73,No,435300,Vauban - Esquermes,59000,Appartement,Lille 59000 (Vauban - Esquermes)
"Appartement 4 pièces 85 m²
Lille 59000 (Lille-Sud)",4,85,No,335000,Lille-Sud,59000,Appartement,Lille 59000 (Lille-Sud)
"Appartement 1 pièce 29 m²
Lille 59000 (Moulins)",1,29,No,122000,Moulins,59000,Appartement,Lille 59000 (Moulins)
"Appartement 2 pièces 43 m²
Lille 59000 (Saint-Maurice - Pellevoisin)",2,43,No,152000,Saint-Maurice - Pellevoisin,59000,Appartement,Lille 59000 (Saint-Maurice - Pellevoisin)
"Appartement 4 pièces 85 m²
Lomme 59160 (Vieux Lille)",4,85,No,196000,Vieux Lille,59160,Appartement,Lomme 59160 (Vieux Lille)
"Appartement 3 pièces 65 m²
Lille 59000 (Lille-Sud)",3,65,No,200450,Lille-Sud,59000,Appartement,Lille 59000 (Lille-Sud)
"Appartement 3 pièces 72 m²
Lille 59000 (Centre-ville - Euralille)",3,72,No,289246,Centre-ville - Euralille,59000,Appartement,Lille 59000 (Centre-ville - Euralille)
"RESIDENCE QWEST HELLEMMES (appartements neufs 2 à 4 pièces)
Hellemmes-Lille 59260 (Hellemmes Centre-ville - Pavé du Moulin)",3,45,Yes,250500,Hellemmes ,59260,Appartement,Hellemmes-Lille 59260 (Hellemmes Centre-ville - Pavé du Moulin)
"Green Square (appartements neufs 2 à 5 pièces)
Lille 59000 (Lille-Sud)",3,42,Yes,192388.5,Lille-Sud,59000,Appartement,Lille 59000 (Lille-Sud)
"Appartement 4 pièces 67 m²
Lille 59000 (Lille-Sud)",4,67,No,213000,Lille-Sud,59000,Appartement,Lille 59000 (Lille-Sud)
"Appartement 3 pièces 105 m²
Lille 59000 (Vieux Lille)",3,105,No,530000,Vieux Lille,59000,Appartement,Lille 59000 (Vieux Lille)
"CONVERGENCE (appartements neufs 3 à 4 pièces)
Lille 59000 (Centre-ville - Euralille)",3,85,Yes,495500,Centre-ville - Euralille,59000,Appartement,Lille 59000 (Centre-ville - Euralille)
"LE PARVIS (appartements neufs 3 à 4 pièces)
Lille 59000 (Saint-Maurice - Pellevoisin)",3,59,Yes,377500,Saint-Maurice - Pellevoisin,59000,Appartement,Lille 59000 (Saint-Maurice - Pellevoisin)
"Grafik (appartements neufs 2 à 3 pièces)
Lomme 59160 (Bourg - Délivrance)",2,41,Yes,204000,Bourg - Délivrance,59160,Appartement,Lomme 59160 (Bourg - Délivrance)
"Appartement 1 pièce 31 m²
Lille 59000 (Centre-ville - Euralille)",1,31,No,131000,Centre-ville - Euralille,59000,Appartement,Lille 59000 (Centre-ville - Euralille)
"Appartement 2 pièces 48 m²
Lille 59000 (Moulins)",2,48,No,170000,Moulins,59000,Appartement,Lille 59000 (Moulins)
"Appartement 3 pièces 71 m²
Lille 59000 (Centre-ville - Euralille)",3,71,No,232000,Centre-ville - Euralille,59000,Appartement,Lille 59000 (Centre-ville - Euralille)
"Appartement 2 pièces 59 m²
Lille 59000 (Wazemmes)",2,59,No,259000,Wazemmes,59000,Appartement,Lille 59000 (Wazemmes)
"Montaigne (appartement neuf 4 pièces, 83 m²)
Lomme 59160 (Moulins)",4,83,No,345400,Moulins,59160,Appartement,Lomme 59160 (Moulins)
"Appartement 2 pièces 60 m²
Lille 59000 (Wazemmes)",2,60,No,217000,Wazemmes,59000,Appartement,Lille 59000 (Wazemmes)
"Appartement 1 pièce 27 m²
Lille 59800 (Saint-Maurice - Pellevoisin)",1,27,No,122000,Saint-Maurice - Pellevoisin,59800,Appartement,Lille 59800 (Saint-Maurice - Pellevoisin)
"Maison 4 pièces 81 m²
Lille 59000 (Vauban - Esquermes)",4,81,No,255000,Vauban - Esquermes,59000,Maison,Lille 59000 (Vauban - Esquermes)
"Appartement 3 pièces 67 m²
Lille 59800 (Centre-ville - Euralille)",3,67,No,264250,Centre-ville - Euralille,59800,Appartement,Lille 59800 (Centre-ville - Euralille)
"Appartement 3 pièces 73 m²
Lille 59000 (Centre-ville - Euralille)",3,73,No,435600,Centre-ville - Euralille,59000,Appartement,Lille 59000 (Centre-ville - Euralille)
"Jules Verne (appartements neufs 2 à 5 pièces)
Lille 59000 (Lille-Sud)",2,39,Yes,161447.5,Lille-Sud,59000,Appartement,Lille 59000 (Lille-Sud)
"Appartement 1 pièce 20 m²
Lille 59000 (Vauban - Esquermes)",1,20,No,94900,Vauban - Esquermes,59000,Appartement,Lille 59000 (Vauban - Esquermes)
"Maison 4 pièces 76 m²
Lille 59800 (Fives)",4,76,No,192000,Fives,59800,Maison,Lille 59800 (Fives)
"Appartement 3 pièces 68 m²
Lille 59000 (Centre-ville - Euralille)",3,68,No,220000,Centre-ville - Euralille,59000,Appartement,Lille 59000 (Centre-ville - Euralille)
"Maison 4 pièces 150 m²
Lomme 59160 (Bourg - Délivrance)",4,150,No,360000,Bourg - Délivrance,59160,Maison,Lomme 59160 (Bourg - Délivrance)
"Appartement 3 pièces 55 m²
Lille 59000 (Faubourg de Béthune)",3,55,No,117000,Faubourg de Béthune,59000,Appartement,Lille 59000 (Faubourg de Béthune)
"Appartement 3 pièces 62 m²
Lille 59000 (Fives)",3,62,No,189000,Fives,59000,Appartement,Lille 59000 (Fives)
"Maison 6 pièces 122 m²
Lomme 59160 (Bourg - Délivrance)",6,122,No,359000,Bourg - Délivrance,59160,Maison,Lomme 59160 (Bourg - Délivrance)
"Appartement 2 pièces 34 m²
Lille 59000 (Moulins)",2,34,No,127500,Moulins,59000,Appartement,Lille 59000 (Moulins)
"Appartement 3 pièces 77 m²
Lille 59000 (Fives)",3,77,No,233600,Fives,59000,Appartement,Lille 59000 (Fives)
"Appartement 2 pièces 36 m²
Lille 59777 (Centre-ville - Euralille)",2,36,No,211000,Centre-ville - Euralille,59777,Appartement,Lille 59777 (Centre-ville - Euralille)
"Appartement 1 pièce 22 m²
Lille 59000 (Vieux Lille)",1,22,No,152000,Vieux Lille,59000,Appartement,Lille 59000 (Vieux Lille)
"Appartement 3 pièces 93 m²
Lille 59000 (Vauban - Esquermes)",3,93,No,390350,Vauban - Esquermes,59000,Appartement,Lille 59000 (Vauban - Esquermes)
"Maison 7 pièces 125 m²
Hellemmes-Lille 59260 (Hellemmes - Barrière)",7,125,No,294000,Hellemmes ,59260,Maison,Hellemmes-Lille 59260 (Hellemmes - Barrière)
"Appartement 3 pièces 66 m²
Lille 59000 (Faubourg de Béthune)",3,66,No,210000,Faubourg de Béthune,59000,Appartement,Lille 59000 (Faubourg de Béthune)
"Appartement 3 pièces 74 m²
Hellemmes-Lille 59260 (Hellemmes Centre-ville - Pavé du Moulin)",3,74,No,274000,Hellemmes ,59260,Appartement,Hellemmes-Lille 59260 (Hellemmes Centre-ville - Pavé du Moulin)
"TOPAZE (appartement neuf 4 pièces, 83 m²)
Lomme 59160 (Bourg - Délivrance)",4,83,No,342900,Bourg - Délivrance,59160,Appartement,Lomme 59160 (Bourg - Délivrance)
"Appartement 4 pièces 83 m²
Lomme 59160 (Mitterie)",4,83,No,175000,Mitterie,59160,Appartement,Lomme 59160 (Mitterie)
"Maison 4 pièces 65 m²
Lille 59000 (Fives)",4,65,No,189000,Fives,59000,Maison,Lille 59000 (Fives)
"CONVERGENCE (appartements neufs 3 à 4 pièces)
Lille 59000 (Saint-Maurice - Pellevoisin)",3,96,Yes,389000,Saint-Maurice - Pellevoisin,59000,Appartement,Lille 59000 (Saint-Maurice - Pellevoisin)
"Appartement 3 pièces 72 m²
Lille 59000 (Faubourg de Béthune)",3,72,No,159000,Faubourg de Béthune,59000,Appartement,Lille 59000 (Faubourg de Béthune)
"Appartement 5 pièces 111 m²
Lille 59000 (Centre-ville - Euralille)",5,111,No,574000,Centre-ville - Euralille,59000,Appartement,Lille 59000 (Centre-ville - Euralille)
"Appartement 3 pièces 74 m²
Lille 59000 (Centre-ville - Euralille)",3,74,No,358400,Centre-ville - Euralille,59000,Appartement,Lille 59000 (Centre-ville - Euralille)
"Maison 8 pièces 200 m²
Lille 59000 (Wazemmes)",8,200,No,567300,Wazemmes,59000,Maison,Lille 59000 (Wazemmes)
"Appartement 1 pièce 32 m²
Lille 59800 (Centre-ville - Euralille)",1,32,No,134817,Centre-ville - Euralille,59800,Appartement,Lille 59800 (Centre-ville - Euralille)
"Magnolia (appartements neufs 1 à 2 pièces)
Lomme 59160 (Bourg - Délivrance)",1,54,Yes,208000,Bourg - Délivrance,59160,Appartement,Lomme 59160 (Bourg - Délivrance)
"Hélène (appartements neufs 1 à 4 pièces)
Hellemmes-Lille 59260 (Hellemmes Centre-ville - Pavé du Moulin)",3,38,Yes,204000,Hellemmes ,59260,Appartement,Hellemmes-Lille 59260 (Hellemmes Centre-ville - Pavé du Moulin)
"LES JARDINS DE LOMME (appartements neufs 1 à 4 pièces)
Lomme 59160 (Mitterie)",1,52,Yes,221500,Mitterie,59160,Appartement,Lomme 59160 (Mitterie)
"LES JARDINS DE RONSARD (appartements neufs 2 à 4 pièces)
Lomme 59160 (Bourg - Délivrance)",2,54,Yes,318500,Bourg - Délivrance,59160,Appartement,Lomme 59160 (Bourg - Délivrance)
"INTENCITY (appartements neufs 2 à 3 pièces)
Lille 59000 (Moulins)",2,32,Yes,233950,Moulins,59000,Appartement,Lille 59000 (Moulins)
"L'INSTITUT (appartements neufs 2 à 4 pièces)
Lille 59000 (Centre-ville - Euralille)",2,46,Yes,322750,Centre-ville - Euralille,59000,Appartement,Lille 59000 (Centre-ville - Euralille)
"HANGOUART (appartements neufs 3 à 5 pièces)
Lille 59000 (Vieux Lille)",3,77,Yes,555516.5,Vieux Lille,59000,Appartement,Lille 59000 (Vieux Lille)
"Appartement 1 pièce 18 m²
Lille 59000 (Hellemmes - Barrière)",1,18,No,100170,Hellemmes ,59000,Appartement,Lille 59000 (Hellemmes - Barrière)
"Appartement 2 pièces 38 m²
Lille 59000 (Hellemmes - Barrière)",2,38,No,200550,Hellemmes ,59000,Appartement,Lille 59000 (Hellemmes - Barrière)
"Appartement 2 pièces 39 m²
Lille 59000 (Moulins)",2,39,No,207375,Moulins,59000,Appartement,Lille 59000 (Moulins)
"Appartement 2 pièces 40 m²
Lille 59000 (Moulins)",2,40,No,223256,Moulins,59000,Appartement,Lille 59000 (Moulins)
"Appartement 2 pièces 45 m²
Lille 59000 (Hellemmes - Barrière)",2,45,No,231525,Hellemmes ,59000,Appartement,Lille 59000 (Hellemmes - Barrière)
"Appartement 2 pièces 46 m²
Lille 59000 (Hellemmes - Barrière)",2,46,No,239242,Hellemmes ,59000,Appartement,Lille 59000 (Hellemmes - Barrière)
"Appartement 2 pièces 48 m²
Lille 59000 (Hellemmes - Barrière)",2,48,No,243936,Hellemmes ,59000,Appartement,Lille 59000 (Hellemmes - Barrière)
"Appartement 3 pièces 58 m²
Lille 59000 (Hellemmes - Barrière)",3,58,No,276885,Hellemmes ,59000,Appartement,Lille 59000 (Hellemmes - Barrière)
"Appartement 3 pièces 63 m²
Lille 59000 (Hellemmes - Barrière)",3,63,No,286702,Hellemmes ,59000,Appartement,Lille 59000 (Hellemmes - Barrière)
"Appartement 3 pièces 69 m²
Lille 59000 (Hellemmes - Barrière)",3,69,No,312438,Hellemmes ,59000,Appartement,Lille 59000 (Hellemmes - Barrière)
"Appartement 3 pièces 71 m²
Lille 59000 (Hellemmes - Barrière)",3,71,No,321919,Hellemmes ,59000,Appartement,Lille 59000 (Hellemmes - Barrière)
"Appartement 4 pièces 61 m²
Lille 59000 (Centre-ville - Euralille)",4,61,No,325000,Centre-ville - Euralille,59000,Appartement,Lille 59000 (Centre-ville - Euralille)
"Appartement 3 pièces 63 m²
Lille 59000 (Hellemmes - Barrière)",3,63,No,330498,Hellemmes ,59000,Appartement,Lille 59000 (Hellemmes - Barrière)
"Appartement 3 pièces 69 m²
Lille 59000 (Hellemmes - Barrière)",3,69,No,349912,Hellemmes ,59000,Appartement,Lille 59000 (Hellemmes - Barrière)
"Appartement 3 pièces 80 m²
Lille 59000 (Moulins)",3,80,No,403370,Moulins,59000,Appartement,Lille 59000 (Moulins)
"Appartement 5 pièces 150 m²
Lille 59000 (Centre-ville - Euralille)",5,150,No,967000,Centre-ville - Euralille,59000,Appartement,Lille 59000 (Centre-ville - Euralille)
"Maison 5 pièces 75 m²
Hellemmes-Lille 59260 (Hellemmes Centre-ville - Pavé du Moulin)",5,75,No,173500,Hellemmes ,59260,Maison,Hellemmes-Lille 59260 (Hellemmes Centre-ville - Pavé du Moulin)
"Appartement 1 pièce 32 m²
Lille 59800 (Centre-ville - Euralille)",1,32,No,134817,Centre-ville - Euralille,59800,Appartement,Lille 59800 (Centre-ville - Euralille)
"EMBLEM (appartements neufs 1 à 5 pièces)
Lille 59000 (Centre-ville - Euralille)",5,105,No,830000,Centre-ville - Euralille,59000,Appartement,Lille 59000 (Centre-ville - Euralille)
"Maison 6 pièces 192 m²
Lille 59800 (Saint-Maurice - Pellevoisin)",6,192,No,247500,Saint-Maurice - Pellevoisin,59800,Maison,Lille 59800 (Saint-Maurice - Pellevoisin)
"Appartement 3 pièces 64 m²
Lille 59000 (Centre-ville - Euralille)",3,64,No,124000,Centre-ville - Euralille,59000,Appartement,Lille 59000 (Centre-ville - Euralille)
"Appartement
Lille 59000 (Lille-Sud)",3,82,No,391000,Lille-Sud,59000,Appartement,Lille 59000 (Lille-Sud)
"Appartement 4 pièces 97 m²
Lille 59800 (Vauban - Esquermes)",4,97,No,443500,Vauban - Esquermes,59800,Appartement,Lille 59800 (Vauban - Esquermes)
"Appartement 5 pièces 99 m²
Lille 59000 (Centre-ville - Euralille)",5,99,No,331000,Centre-ville - Euralille,59000,Appartement,Lille 59000 (Centre-ville - Euralille)
"Appartement 4 pièces 87 m²
Lille 59000 (Fives)",4,87,No,298000,Fives,59000,Appartement,Lille 59000 (Fives)
"Appartement 5 pièces 110 m²
Lille 59000 (Lille-Sud)",5,110,No,369000,Lille-Sud,59000,Appartement,Lille 59000 (Lille-Sud)
"VILLA DES ARTS (appartement neuf 3 pièces, 73 m²)
Lille 59000 (Centre-ville - Euralille)",3,73,No,650000,Centre-ville - Euralille,59000,VILLA,Lille 59000 (Centre-ville - Euralille)
"Maison 6 pièces 170 m²
Lomme 59160 (Bourg - Délivrance)",6,170,No,412000,Bourg - Délivrance,59160,Maison,Lomme 59160 (Bourg - Délivrance)
"Appartement 4 pièces 82 m²
Lille 59000 (Wazemmes)",4,82,No,248000,Wazemmes,59000,Appartement,Lille 59000 (Wazemmes)
"Le Rubix (appartement neuf 3 pièces, 64 m²)
Lille 59000 (Lille-Sud)",3,64,No,211000,Lille-Sud,59000,Appartement,Lille 59000 (Lille-Sud)
"Appartement 2 pièces 47 m²
Lille 59000 (Vieux Lille)",2,47,Yes,268000,Vieux Lille,59000,Appartement,Lille 59000 (Vieux Lille)
"So Home (appartements neufs 4 à 5 pièces)
Lille 59000 (Lille-Sud)",4,67,No,53000,Lille-Sud,59000,Appartement,Lille 59000 (Lille-Sud)
"Appartement 1 pièce 14 m²
Lille 59800 (Fives)",1,14,No,375000,Fives,59800,Appartement,Lille 59800 (Fives)
"Maison 5 pièces 125 m²
Lille 59000 (Hellemmes Guinguette)",5,125,No,199800,Hellemmes ,59000,Maison,Lille 59000 (Hellemmes Guinguette)
"Appartement 2 pièces 38 m²
Lille 59000 (Vieux Lille)",2,38,No,199800,Vieux Lille,59000,Appartement,Lille 59000 (Vieux Lille)
"Appartement 2 pièces 29 m²
Lille 59000 (Vieux Lille)",2,29,No,86000,Vieux Lille,59000,Appartement,Lille 59000 (Vieux Lille)
"Appartement 1 pièce 14 m²
Lille 59000 (Wazemmes)",1,14,No,741600,Wazemmes,59000,Appartement,Lille 59000 (Wazemmes)
"Appartement 3 pièces 65 m²
Lille 59000 (Vieux Lille)",3,65,No,253000,Vieux Lille,59000,Appartement,Lille 59000 (Vieux Lille)
"Appartement 3 pièces 73 m²
Lille 59000 (Wazemmes)",3,73,No,227500,Wazemmes,59000,Appartement,Lille 59000 (Wazemmes)
"Appartement 3 pièces 71 m²
Lille 59000 (Wazemmes)",3,71,No,1050000,Wazemmes,59000,Appartement,Lille 59000 (Wazemmes)
"Appartement 2 pièces 40 m²
Lille 59000 (Vauban - Esquermes)",2,40,No,622820,Vauban - Esquermes,59000,Appartement,Lille 59000 (Vauban - Esquermes)
"Appartement 3 pièces 108 m²
Lille 59800 (Vieux Lille)",3,108,No,185000,Vieux Lille,59800,Appartement,Lille 59800 (Vieux Lille)
"Maison 4 pièces 90 m²
Lille 59800 (Hellemmes - Barrière)",4,90,No,622820,Hellemmes ,59800,Maison,Lille 59800 (Hellemmes - Barrière)
"Appartement 3 pièces 108 m²
Lille 59800 (Vieux Lille)",3,108,No,129000,Vieux Lille,59800,Appartement,Lille 59800 (Vieux Lille)
"Appartement 2 pièces
Lille 59000 (Moulins)",2,43,No,171000,Moulins,59000,Appartement,Lille 59000 (Moulins)
"Appartement neuf 5 pièces
Lille 59800 (Fives)",5,90,Yes,372400,Fives,59800,Appartement,Lille 59800 (Fives)
"Programme Immobilier à LILLE (appartements neufs 3 à 4 pièces)
Lille 59000 (Bourg - Délivrance)",3,53,No,218000,Bourg - Délivrance,59000,Appartement,Lille 59000 (Bourg - Délivrance)
"Appartement 2 pièces
Lille 59000 (Lille-Sud)",2,75,No,459000,Lille-Sud,59000,Appartement,Lille 59000 (Lille-Sud)
"Appartement 3 pièces 79 m²
Lille 59800 (Vieux Lille)",3,79,No,121000,Vieux Lille,59800,Appartement,Lille 59800 (Vieux Lille)
"Appartement 2 pièces 42 m²
Lille 59000 (Wazemmes)",2,42,No,254000,Wazemmes,59000,Appartement,Lille 59000 (Wazemmes)
"Appartement 3 pièces 85 m²
Lille 59000 (Bourg - Délivrance)",3,85,No,349500,Bourg - Délivrance,59000,Appartement,Lille 59000 (Bourg - Délivrance)
"Appartement 1 pièce 14 m²
Lille 59000 (Wazemmes)",1,14,No,239000,Wazemmes,59000,Appartement,Lille 59000 (Wazemmes)
"Appartement 2 pièces 53 m²
Lille 59800 (Wazemmes)",2,53,No,174000,Wazemmes,59800,Appartement,Lille 59800 (Wazemmes)
"Appartement 2 pièces 37 m²
Lille 59000 (Wazemmes)",2,37,No,139000,Wazemmes,59000,Appartement,Lille 59000 (Wazemmes)
"Appartement 2 pièces 33 m²
Lille 59000 (Wazemmes)",2,33,No,177000,Wazemmes,59000,Appartement,Lille 59000 (Wazemmes)
"Appartement 2 pièces 37 m²
Lille 59000 (Wazemmes)",2,37,No,260000,Wazemmes,59000,Appartement,Lille 59000 (Wazemmes)
"Appartement 3 pièces 73 m²
Lille 59000 (Wazemmes)",3,73,No,88000,Wazemmes,59000,Appartement,Lille 59000 (Wazemmes)
"Appartement 1 pièce 15 m²
Lille 59000 (Wazemmes)",1,15,No,443500,Wazemmes,59000,Appartement,Lille 59000 (Wazemmes)
"Appartement 4 pièces 100 m²
Lille 59000 (Centre-ville - Euralille)",4,100,No,268000,Centre-ville - Euralille,59000,Appartement,Lille 59000 (Centre-ville - Euralille)
"Appartement 2 pièces 61 m²
Lille 59000 (Vieux Lille)",2,61,No,295000,Vieux Lille,59000,Appartement,Lille 59000 (Vieux Lille)
"Appartement 2 pièces 49 m²
Lille 59000 (Vauban - Esquermes)",2,49,No,127500,Vauban - Esquermes,59000,Appartement,Lille 59000 (Vauban - Esquermes)
"Appartement 2 pièces 37 m²
Lille 59800 (Moulins)",2,37,No,243000,Moulins,59800,Appartement,Lille 59800 (Moulins)
"Appartement 4 pièces 72 m²
Lille 59000 (Wazemmes)",4,72,No,270000,Wazemmes,59000,Appartement,Lille 59000 (Wazemmes)
"Appartement 3 pièces 70 m²
Lille 59000 (Centre-ville - Euralille)",3,70,No,593,Centre-ville - Euralille,59000,Appartement,Lille 59000 (Centre-ville - Euralille)
"Appartement 3 pièces 45 m²
Lille 59000 (Vauban - Esquermes)",3,45,No,2200,Vauban - Esquermes,59000,Appartement,Lille 59000 (Vauban - Esquermes)
"Appartement 4 pièces 188 m²
Lille 59000 (Vauban - Esquermes)",4,188,No,950,Vauban - Esquermes,59000,Appartement,Lille 59000 (Vauban - Esquermes)
"Appartement meublé 3 pièces 50 m²
Lille 59000 (Moulins)",3,50,No,605,Moulins,59000,Appartement,Lille 59000 (Moulins)
"Appartement meublé 2 pièces 25 m²
Lille 59260 (Hellemmes Centre-ville - Pavé du Moulin)",2,25,No,590,Hellemmes ,59260,Appartement,Lille 59260 (Hellemmes Centre-ville - Pavé du Moulin)
"Appartement meublé 1 pièce 33 m²
Lille 59000 (Moulins)",1,33,No,495,Moulins,59000,Appartement,Lille 59000 (Moulins)
"Appartement meublé 4 pièces 14 m²
Lille 59260 (Hellemmes Centre-ville - Pavé du Moulin)",4,14,No,495,Hellemmes ,59260,Appartement,Lille 59260 (Hellemmes Centre-ville - Pavé du Moulin)
"Appartement meublé 4 pièces 12 m²
Lille 59260 (Hellemmes Centre-ville - Pavé du Moulin)",4,12,No,495,Hellemmes ,59260,Appartement,Lille 59260 (Hellemmes Centre-ville - Pavé du Moulin)
"Appartement meublé 4 pièces 10 m²
Lille 59260 (Hellemmes Centre-ville - Pavé du Moulin)",4,10,No,1485,Hellemmes ,59260,Appartement,Lille 59260 (Hellemmes Centre-ville - Pavé du Moulin)
"Appartement meublé 4 pièces 70 m²
Lille 59260 (Hellemmes Centre-ville - Pavé du Moulin)",4,70,No,1945,Hellemmes ,59260,Appartement,Lille 59260 (Hellemmes Centre-ville - Pavé du Moulin)
"Appartement meublé 5 pièces 75 m²
Lille 59000 (Bois Blanc)",5,75,No,495,Bois Blanc,59000,Appartement,Lille 59000 (Bois Blanc)
"Appartement meublé 1 pièce 18 m²
Lille 59260 (Hellemmes Centre-ville - Pavé du Moulin)",1,18,No,486,Hellemmes ,59260,Appartement,Lille 59260 (Hellemmes Centre-ville - Pavé du Moulin)
"Appartement meublé 5 pièces 18 m²
Lille 59000 (Bois Blanc)",5,18,No,678,Bois Blanc,59000,Appartement,Lille 59000 (Bois Blanc)
"Appartement 2 pièces 53 m²
Lille 59000 (Centre-ville - Euralille)",2,53,No,1219,Centre-ville - Euralille,59000,Appartement,Lille 59000 (Centre-ville - Euralille)
"Appartement 5 pièces 125 m²
Lille 59000 (Centre-ville - Euralille)",5,125,No,1019,Centre-ville - Euralille,59000,Appartement,Lille 59000 (Centre-ville - Euralille)
"Appartement 3 pièces 82 m²
Lille 59000 (Bois Blanc)",3,82,No,1045,Bois Blanc,59000,Appartement,Lille 59000 (Bois Blanc)
"Appartement 3 pièces 67 m²
Lille 59000 (Centre-ville - Euralille)",3,67,No,779,Centre-ville - Euralille,59000,Appartement,Lille 59000 (Centre-ville - Euralille)
"Appartement 3 pièces 64 m²
Lille 59000 (Lille-Sud)",3,64,No,480,Lille-Sud,59000,Appartement,Lille 59000 (Lille-Sud)
"Appartement meublé 4 pièces 80 m²
Lille 59000 (Hellemmes Centre-ville - Pavé du Moulin)",4,80,No,680,Hellemmes ,59000,Appartement,Lille 59000 (Hellemmes Centre-ville - Pavé du Moulin)
"Appartement 2 pièces 45 m²
Lille 59800 (Centre-ville - Euralille)",2,45,No,800,Centre-ville - Euralille,59800,Appartement,Lille 59800 (Centre-ville - Euralille)
"Appartement meublé 2 pièces 44 m²
Lille 59000 (Moulins)",2,44,No,770,Moulins,59000,Appartement,Lille 59000 (Moulins)
"Appartement meublé 2 pièces 27 m²
Lille 59000 (Fives)",2,27,No,740,Fives,59000,Appartement,Lille 59000 (Fives)
"Appartement 3 pièces 50 m²
Lille 59800 (Saint-Maurice - Pellevoisin)",3,50,No,948,Saint-Maurice - Pellevoisin,59800,Appartement,Lille 59800 (Saint-Maurice - Pellevoisin)
"Appartement 3 pièces 80 m²
Lille 59260 (Hellemmes Centre-ville - Pavé du Moulin)",3,80,No,550,Hellemmes ,59260,Appartement,Lille 59260 (Hellemmes Centre-ville - Pavé du Moulin)
"Appartement 2 pièces 43 m²
Lille 59000 (Lille-Sud)",2,43,No,1200,Lille-Sud,59000,Appartement,Lille 59000 (Lille-Sud)
"Appartement 3 pièces 87 m²
Lille 59800 (Saint-Maurice - Pellevoisin)",3,87,No,729,Saint-Maurice - Pellevoisin,59800,Appartement,Lille 59800 (Saint-Maurice - Pellevoisin)
"Appartement 2 pièces 55 m²
Lille 59000 (Centre-ville - Euralille)",2,55,No,2200,Centre-ville - Euralille,59000,Appartement,Lille 59000 (Centre-ville - Euralille)
"Appartement 4 pièces 188 m²
Lille 59000 (Vauban - Esquermes)",4,188,No,526,Vauban - Esquermes,59000,Appartement,Lille 59000 (Vauban - Esquermes)
"Studio 31 m²
Lille 59000 (Wazemmes)",1,31,No,701,Wazemmes,59000,Studio,Lille 59000 (Wazemmes)
"Appartement 2 pièces 40 m²
Lille 59000 (Centre-ville - Euralille)",2,40,No,3200,Centre-ville - Euralille,59000,Appartement,Lille 59000 (Centre-ville - Euralille)
"Appartement meublé 3 pièces 200 m²
Lille 59000 (Wazemmes)",3,200,No,554,Wazemmes,59000,Appartement,Lille 59000 (Wazemmes)
"Appartement meublé 1 pièce 16 m²
Lille 59000 (Vauban - Esquermes)",1,16,No,800,Vauban - Esquermes,59000,Appartement,Lille 59000 (Vauban - Esquermes)
"Appartement 1 pièce 37 m²
Lille 59000 (Wazemmes)",1,37,No,630,Wazemmes,59000,Appartement,Lille 59000 (Wazemmes)
"Studio meublé 15 m²
Lille 59000 (Wazemmes)",1,15,No,620,Wazemmes,59000,Studio,Lille 59000 (Wazemmes)
"Appartement 3 pièces 41 m²
Lille 59000 (Moulins)",3,41,No,944,Moulins,59000,Appartement,Lille 59000 (Moulins)
"Appartement 3 pièces 75 m²
Lille 59000 (Moulins)",3,75,No,514,Moulins,59000,Appartement,Lille 59000 (Moulins)
"Appartement 1 pièce 24 m²
Lille 59800 (Centre-ville - Euralille)",1,24,No,630,Centre-ville - Euralille,59800,Appartement,Lille 59800 (Centre-ville - Euralille)
"Appartement 2 pièces 35 m²
Lille 59000 (Centre-ville - Euralille)",2,35,No,600,Centre-ville - Euralille,59000,Appartement,Lille 59000 (Centre-ville - Euralille)
"Studio 24 m²
Lille 59000 (Fives)",1,24,No,890,Fives,59000,Studio,Lille 59000 (Fives)
"Appartement meublé 2 pièces 42 m²
Lille 59000 (Wazemmes)",2,42,No,373,Wazemmes,59000,Appartement,Lille 59000 (Wazemmes)
"Appartement 1 pièce 18 m²
Lille 59000 (Vauban - Esquermes)",1,18,No,574,Vauban - Esquermes,59000,Appartement,Lille 59000 (Vauban - Esquermes)
"Appartement 2 pièces 51 m²
Lille 59000 (Moulins)",2,51,No,716,Moulins,59000,Appartement,Lille 59000 (Moulins)
"Appartement 2 pièces 50 m²
Lille 59800 (Vieux Lille)",2,50,No,681,Vieux Lille,59800,Appartement,Lille 59800 (Vieux Lille)
"Appartement 2 pièces 46 m²
Lille 59000 (Hellemmes Centre-ville - Pavé du Moulin)",2,46,No,692,Hellemmes ,59000,Appartement,Lille 59000 (Hellemmes Centre-ville - Pavé du Moulin)
"Appartement 2 pièces 43 m²
Lille 59000 (Vieux Lille)",2,43,No,700,Vieux Lille,59000,Appartement,Lille 59000 (Vieux Lille)
"Appartement 2 pièces 46 m²
Lille 59000 (Wazemmes)",2,46,No,470,Wazemmes,59000,Appartement,Lille 59000 (Wazemmes)
"Appartement meublé 1 pièce 12 m²
Lille 59000 (Lille-Sud)",1,12,No,764,Lille-Sud,59000,Appartement,Lille 59000 (Lille-Sud)
"Appartement 2 pièces 52 m²
Marcq-en-Barœul 59700 (Saint-Maurice - Pellevoisin)",2,52,No,703,Saint-Maurice - Pellevoisin,59700,Appartement,Marcq-en-Barœul 59700 (Saint-Maurice - Pellevoisin)
"Appartement 2 pièces 47 m²
Lille 59000 (Bois Blanc)",2,47,No,673,Bois Blanc,59000,Appartement,Lille 59000 (Bois Blanc)
"Appartement 2 pièces 40 m²
Lille 59000 (Centre-ville - Euralille)",2,40,No,775,Centre-ville - Euralille,59000,Appartement,Lille 59000 (Centre-ville - Euralille)
"Appartement 3 pièces 68 m²
Lille 59000 (Lille-Sud)",3,68,No,850,Lille-Sud,59000,Appartement,Lille 59000 (Lille-Sud)
"Appartement meublé 2 pièces 41 m²
Lille 59000 (Wazemmes)",2,41,No,575,Wazemmes,59000,Appartement,Lille 59000 (Wazemmes)
"Appartement 2 pièces 44 m²
Lomme 59160 (Sud Marais)",2,44,No,526,Sud Marais,59160,Appartement,Lomme 59160 (Sud Marais)
"Studio 31 m²
Lille 59000 (Wazemmes)",1,31,No,458,Wazemmes,59000,Studio,Lille 59000 (Wazemmes)
"Appartement 2 pièces 19 m²
Lille 59800 (Fives)",2,19,No,600,Fives,59800,Appartement,Lille 59800 (Fives)
"Appartement 2 pièces 44 m²
Lomme 59160 (Sud Marais)",2,44,No,720,Sud Marais,59160,Appartement,Lomme 59160 (Sud Marais)
"Appartement 3 pièces 64 m²
Lomme 59160 (Sud Marais)",3,64,No,925,Sud Marais,59160,Appartement,Lomme 59160 (Sud Marais)
"Appartement 4 pièces 80 m²
Lille 59000 (Centre-ville - Euralille)",4,80,No,750,Centre-ville - Euralille,59000,Appartement,Lille 59000 (Centre-ville - Euralille)
"Appartement 3 pièces 53 m²
Lille 59000 (Wazemmes)",3,53,No,700,Wazemmes,59000,Appartement,Lille 59000 (Wazemmes)
"Appartement 3 pièces 48 m²
Lille 59000 (Moulins)",3,48,No,1408,Moulins,59000,Appartement,Lille 59000 (Moulins)
"Appartement 4 pièces 98 m²
Lille 59000 (Bois Blanc)",4,98,No,862,Bois Blanc,59000,Appartement,Lille 59000 (Bois Blanc)
"Appartement 4 pièces 77 m²
Lille 59000 (Moulins)",4,77,No,1074,Moulins,59000,Appartement,Lille 59000 (Moulins)
"Appartement 4 pièces 97 m²
Lille 59000 (Moulins)",4,97,No,1074,Moulins,59000,Appartement,Lille 59000 (Moulins)
"Appartement 4 pièces 97 m²
Lille 59000 (Moulins)",4,97,No,1075,Moulins,59000,Appartement,Lille 59000 (Moulins)
"Appartement 4 pièces 97 m²
Lille 59000 (Moulins)",4,97,No,1080,Moulins,59000,Appartement,Lille 59000 (Moulins)
"Appartement 4 pièces 97 m²
Lille 59000 (Moulins)",4,97,No,1090,Moulins,59000,Appartement,Lille 59000 (Moulins)
"Appartement 4 pièces 97 m²
Lille 59000 (Moulins)",4,97,No,925,Moulins,59000,Appartement,Lille 59000 (Moulins)
"Appartement 3 pièces 70 m²
Lille 59000 (Moulins)",3,70,No,444,Moulins,59000,Appartement,Lille 59000 (Moulins)
"Appartement meublé 1 pièce 18 m²
Lille 59000 (Vauban - Esquermes)",1,18,No,540,Vauban - Esquermes,59000,Appartement,Lille 59000 (Vauban - Esquermes)
"Studio 29 m²
Lille 59000 (Centre-ville - Euralille)",1,29,No,954,Centre-ville - Euralille,59000,Studio,Lille 59000 (Centre-ville - Euralille)
"Appartement 3 pièces 75 m²
Lille 59000 (Moulins)",3,75,No,955,Moulins,59000,Appartement,Lille 59000 (Moulins)
"Appartement 3 pièces 75 m²
Lille 59000 (Moulins)",3,75,No,960,Moulins,59000,Appartement,Lille 59000 (Moulins)
"Appartement 3 pièces 75 m²
Lille 59000 (Moulins)",3,75,No,960,Moulins,59000,Appartement,Lille 59000 (Moulins)
"Appartement 3 pièces 75 m²
Lille 59000 (Moulins)",3,75,No,970,Moulins,59000,Appartement,Lille 59000 (Moulins)
"Appartement 3 pièces 75 m²
Lille 59000 (Moulins)",3,75,No,579,Moulins,59000,Appartement,Lille 59000 (Moulins)
"Appartement meublé 1 pièce 28 m²
Euralille 59777 (Centre-ville - Euralille)",1,28,No,857,Centre-ville - Euralille,59777,Appartement,Euralille 59777 (Centre-ville - Euralille)
"Appartement 2 pièces 54 m²
Lille 59000 (Centre-ville - Euralille)",2,54,No,680,Centre-ville - Euralille,59000,Appartement,Lille 59000 (Centre-ville - Euralille)
"Appartement 2 pièces 49 m²
Lille 59000 (Bois Blanc)",2,49,No,952,Bois Blanc,59000,Appartement,Lille 59000 (Bois Blanc)
"Appartement 3 pièces 75 m²
Lille 59000 (Moulins)",3,75,No,526,Moulins,59000,Appartement,Lille 59000 (Moulins)
"Studio 31 m²
Lille 59000 (Wazemmes)",1,31,No,660,Wazemmes,59000,Studio,Lille 59000 (Wazemmes)
"Appartement 2 pièces 44 m²
Lille 59000 (Vauban - Esquermes)",2,44,No,479,Vauban - Esquermes,59000,Appartement,Lille 59000 (Vauban - Esquermes)
"Studio 23 m²
Lille 59000 (Centre-ville - Euralille)",1,23,No,808,Centre-ville - Euralille,59000,Studio,Lille 59000 (Centre-ville - Euralille)
"Appartement 3 pièces 44 m²
Lille 59000 (Centre-ville - Euralille)",3,44,No,939,Centre-ville - Euralille,59000,Appartement,Lille 59000 (Centre-ville - Euralille)
"Appartement 3 pièces 75 m²
Lille 59000 (Moulins)",3,75,No,943,Moulins,59000,Appartement,Lille 59000 (Moulins)
"Appartement 3 pièces 75 m²
Lille 59000 (Moulins)",3,75,No,944,Moulins,59000,Appartement,Lille 59000 (Moulins)
"Appartement 3 pièces 75 m²
Lille 59000 (Moulins)",3,75,No,948,Moulins,59000,Appartement,Lille 59000 (Moulins)
"Appartement 3 pièces 75 m²
Lille 59000 (Moulins)",3,75,No,949,Moulins,59000,Appartement,Lille 59000 (Moulins)
"Appartement 3 pièces 75 m²
Lille 59000 (Moulins)",3,75,No,458,Moulins,59000,Appartement,Lille 59000 (Moulins)
"Appartement meublé 1 pièce 22 m²
Lille 59000 (Wazemmes)",1,22,No,494,Wazemmes,59000,Appartement,Lille 59000 (Wazemmes)
"Appartement 2 pièces 48 m²
Lille 59000 (Centre-ville - Euralille)",2,48,No,890,Centre-ville - Euralille,59000,Appartement,Lille 59000 (Centre-ville - Euralille)
"Appartement 3 pièces 74 m²
Lille 59000 (Wazemmes)",3,74,No,691,Wazemmes,59000,Appartement,Lille 59000 (Wazemmes)
"Appartement 2 pièces 38 m²
Lille 59000 (Centre-ville - Euralille)",2,38,No,720,Centre-ville - Euralille,59000,Appartement,Lille 59000 (Centre-ville - Euralille)
"Appartement 2 pièces 56 m²
Lille 59000 (Bois Blanc)",2,56,No,492,Bois Blanc,59000,Appartement,Lille 59000 (Bois Blanc)
"Appartement 1 pièce 29 m²
Lille 59000 (Vauban - Esquermes)",1,29,No,629,Vauban - Esquermes,59000,Appartement,Lille 59000 (Vauban - Esquermes)
"Appartement 2 pièces 44 m²
Lille 59000 (Lille-Sud)",2,44,No,758,Lille-Sud,59000,Appartement,Lille 59000 (Lille-Sud)
"Appartement 2 pièces 49 m²
Lille 59800 (Centre-ville - Euralille)",2,49,No,582,Centre-ville - Euralille,59800,Appartement,Lille 59800 (Centre-ville - Euralille)
"Appartement 2 pièces 63 m²
Lille 59000 (Lille-Sud)",2,63,No,640,Lille-Sud,59000,Appartement,Lille 59000 (Lille-Sud)
"Appartement meublé 2 pièces 36 m²
Lille 59800 (Vieux Lille)",2,36,No,995,Vieux Lille,59800,Appartement,Lille 59800 (Vieux Lille)
"Appartement 3 pièces 86 m²
Lomme 59160 (Mont à Camp - Marais)",3,86,No,419,Mont à Camp - Marais,59160,Appartement,Lomme 59160 (Mont à Camp - Marais)
"Studio 19 m²
Lille 59800 (Wazemmes)",1,19,No,687,Wazemmes,59800,Studio,Lille 59800 (Wazemmes)
"Appartement 2 pièces 43 m²
Lille 59777 (Centre-ville - Euralille)",2,43,No,733,Centre-ville - Euralille,59777,Appartement,Lille 59777 (Centre-ville - Euralille)
"Appartement 2 pièces 48 m²
Lille 59800 (Centre-ville - Euralille)",2,48,No,1800,Centre-ville - Euralille,59800,Appartement,Lille 59800 (Centre-ville - Euralille)
"Appartement 4 pièces 128 m²
Lille 59800 (Centre-ville - Euralille)",4,128,No,615,Centre-ville - Euralille,59800,Appartement,Lille 59800 (Centre-ville - Euralille)
"Appartement 2 pièces 49 m²
Lomme 59160 (Mont à Camp - Marais)",2,49,No,1200,Mont à Camp - Marais,59160,Appartement,Lomme 59160 (Mont à Camp - Marais)
"Appartement 4 pièces 86 m²
Marcq-en-Barœul 59700 (Saint-Maurice - Pellevoisin)",4,86,No,458,Saint-Maurice - Pellevoisin,59700,Appartement,Marcq-en-Barœul 59700 (Saint-Maurice - Pellevoisin)
"Appartement 2 pièces 19 m²
Lille 59800 (Fives)",2,19,No,720,Fives,59800,Appartement,Lille 59800 (Fives)
"Appartement 2 pièces 56 m²
Lille 59000 (Bois Blanc)",2,56,No,1241,Bois Blanc,59000,Appartement,Lille 59000 (Bois Blanc)
"Duplex 5 pièces 89 m²
Lille 59000 (Moulins)",5,89,No,526,Moulins,59000,VILLA,Lille 59000 (Moulins)
"Studio 31 m²
Lille 59000 (Wazemmes)",1,31,No,494,Wazemmes,59000,Studio,Lille 59000 (Wazemmes)
"Appartement 1 pièce 30 m²
Lille 59000 (Moulins)",1,30,No,590,Moulins,59000,Appartement,Lille 59000 (Moulins)
"Appartement 2 pièces 48 m²
Lille 59800 (Vieux Lille)",2,48,No,426,Vieux Lille,59800,Appartement,Lille 59800 (Vieux Lille)
"Studio 24 m²
Lille 59800 (Vieux Lille)",1,24,No,718,Vieux Lille,59800,Studio,Lille 59800 (Vieux Lille)
"Appartement 3 pièces 61 m²
Lille 59000 (Moulins)",3,61,No,860,Moulins,59000,Appartement,Lille 59000 (Moulins)
"Appartement 3 pièces 60 m²
Lille 59000 (Bois Blanc)",3,60,No,651,Bois Blanc,59000,Appartement,Lille 59000 (Bois Blanc)
"Appartement 2 pièces 42 m²
Lille 59000 (Bois Blanc)",2,42,No,590,Bois Blanc,59000,Appartement,Lille 59000 (Bois Blanc)
"Appartement 2 pièces 37 m²
Lille 59000 (Lille-Sud)",2,37,No,540,Lille-Sud,59000,Appartement,Lille 59000 (Lille-Sud)
"Appartement 1 pièce 36 m²
Lille 59000 (Lille-Sud)",1,36,No,571,Lille-Sud,59000,Appartement,Lille 59000 (Lille-Sud)
"Appartement 2 pièces 57 m²
Lille 59000 (Lille-Sud)",2,57,No,892,Lille-Sud,59000,Appartement,Lille 59000 (Lille-Sud)
"Appartement 4 pièces 81 m²
Lomme 59160 (Mitterie)",4,81,No,1429,Mitterie,59160,Appartement,Lomme 59160 (Mitterie)
"Appartement 5 pièces 128 m²
Lille 59000 (Lille-Sud)",5,128,No,600,Lille-Sud,59000,Appartement,Lille 59000 (Lille-Sud)
"Appartement 2 pièces 38 m²
Lille 59000 (Wazemmes)",2,38,No,495,Wazemmes,59000,Appartement,Lille 59000 (Wazemmes)
"Appartement 1 pièce 39 m²
Lomme 59160 (Sud Marais)",1,39,No,490,Sud Marais,59160,Appartement,Lomme 59160 (Sud Marais)
"Appartement 1 pièce 39 m²
Lomme 59160 (Sud Marais)",1,39,No,910,Sud Marais,59160,Appartement,Lomme 59160 (Sud Marais)
"Appartement 3 pièces 64 m²
Lille 59260 (Hellemmes Centre-ville - Pavé du Moulin)",3,64,No,1070,Hellemmes ,59260,Appartement,Lille 59260 (Hellemmes Centre-ville - Pavé du Moulin)
"Appartement 3 pièces 77 m²
Lille 59000 (Vieux Lille)",3,77,No,946,Vieux Lille,59000,Appartement,Lille 59000 (Vieux Lille)
"Appartement 2 pièces 84 m²
Lille 59800 (Centre-ville - Euralille)",2,84,No,1063,Centre-ville - Euralille,59800,Appartement,Lille 59800 (Centre-ville - Euralille)
"Appartement 5 pièces 94 m²
Lomme 59160 (Mitterie)",5,94,No,533,Mitterie,59160,Appartement,Lomme 59160 (Mitterie)
"Appartement 2 pièces 37 m²
Lille 59000 (Faubourg de Béthune)",2,37,No,703,Faubourg de Béthune,59000,Appartement,Lille 59000 (Faubourg de Béthune)
"Appartement meublé 3 pièces 80 m²
Lille 59000 (Lille-Sud)",3,80,No,691,Lille-Sud,59000,Appartement,Lille 59000 (Lille-Sud)
"Appartement 2 pièces 39 m²
Lille 59000 (Centre-ville - Euralille)",2,39,No,458,Centre-ville - Euralille,59000,Appartement,Lille 59000 (Centre-ville - Euralille)
"Appartement 2 pièces 19 m²
Lille 59800 (Fives)",2,19,No,2200,Fives,59800,Appartement,Lille 59800 (Fives)
"Appartement 4 pièces 188 m²
Lille 59000 (Vauban - Esquermes)",4,188,No,976,Vauban - Esquermes,59000,Appartement,Lille 59000 (Vauban - Esquermes)
"Appartement 4 pièces 77 m²
Lille 59000 (Moulins)",4,77,No,1284,Moulins,59000,Appartement,Lille 59000 (Moulins)
"Appartement 4 pièces 93 m²
Lille 59000 (Centre-ville - Euralille)",4,93,No,823,Centre-ville - Euralille,59000,Appartement,Lille 59000 (Centre-ville - Euralille)
"Appartement 3 pièces 67 m²
Lille 59000 (Wazemmes)",3,67,No,901,Wazemmes,59000,Appartement,Lille 59000 (Wazemmes)
"Appartement 4 pièces 76 m²
Lille 59000 (Wazemmes)",4,76,No,792,Wazemmes,59000,Appartement,Lille 59000 (Wazemmes)
"Appartement 3 pièces 64 m²
Lomme 59160 (Mitterie)",3,64,No,636,Mitterie,59160,Appartement,Lomme 59160 (Mitterie)
"Appartement 2 pièces 41 m²
Lille 59000 (Moulins)",2,41,No,1088,Moulins,59000,Appartement,Lille 59000 (Moulins)
"Appartement 4 pièces 97 m²
Lille 59000 (Moulins)",4,97,No,758,Moulins,59000,Appartement,Lille 59000 (Moulins)
"Appartement 3 pièces 75 m²
Lille 59000 (Saint-Maurice - Pellevoisin)",3,75,No,1140,Saint-Maurice - Pellevoisin,59000,Appartement,Lille 59000 (Saint-Maurice - Pellevoisin)
"Appartement meublé 3 pièces 55 m²
Lille 59000 (Centre-ville - Euralille)",3,55,No,480,Centre-ville - Euralille,59000,Appartement,Lille 59000 (Centre-ville - Euralille)
"Appartement 1 pièce 24 m²
Lille 59000 (Centre-ville - Euralille)",1,24,No,462,Centre-ville - Euralille,59000,Appartement,Lille 59000 (Centre-ville - Euralille)
"Studio 21 m²
Lille 59000 (Wazemmes)",1,21,No,944,Wazemmes,59000,Studio,Lille 59000 (Wazemmes)
"Appartement 3 pièces 75 m²
Lille 59000 (Moulins)",3,75,No,949,Moulins,59000,Appartement,Lille 59000 (Moulins)
"Appartement 3 pièces 75 m²
Lille 59000 (Moulins)",3,75,No,680,Moulins,59000,Appartement,Lille 59000 (Moulins)
"Appartement meublé 2 pièces 36 m²
Lille 59000 (Wazemmes)",2,36,No,650,Wazemmes,59000,Appartement,Lille 59000 (Wazemmes)
"Appartement 2 pièces 40 m²
Lille 59000 (Centre-ville - Euralille)",2,40,No,931,Centre-ville - Euralille,59000,Appartement,Lille 59000 (Centre-ville - Euralille)
"Appartement 4 pièces 71 m²
Lille 59000 (Centre-ville - Euralille)",4,71,No,510,Centre-ville - Euralille,59000,Appartement,Lille 59000 (Centre-ville - Euralille)
"Studio 31 m²
Lille 59000 (Wazemmes)",1,31,No,575,Wazemmes,59000,Studio,Lille 59000 (Wazemmes)
"Appartement 2 pièces 34 m²
Lille 59000 (Wazemmes)",2,34,No,620,Wazemmes,59000,Appartement,Lille 59000 (Wazemmes)
"Appartement 2 pièces 38 m²
Lille 59000 (Wazemmes)",2,38,No,700,Wazemmes,59000,Appartement,Lille 59000 (Wazemmes)
"Appartement 2 pièces 42 m²
Lille 59000 (Saint-Maurice - Pellevoisin)",2,42,No,570,Saint-Maurice - Pellevoisin,59000,Appartement,Lille 59000 (Saint-Maurice - Pellevoisin)
"Appartement meublé 3 pièces 27 m²
Lille 59000 (Centre-ville - Euralille)",3,27,No,695,Centre-ville - Euralille,59000,Appartement,Lille 59000 (Centre-ville - Euralille)
"Appartement 2 pièces 52 m²
Lille 59000 (Bois Blanc)",2,52,No,815,Bois Blanc,59000,Appartement,Lille 59000 (Bois Blanc)
"Appartement 3 pièces 67 m²
Lille 59000 (Lille-Sud)",3,67,No,910,Lille-Sud,59000,Appartement,Lille 59000 (Lille-Sud)
"Appartement 3 pièces 71 m²
Lille 59000 (Vauban - Esquermes)",3,71,No,526,Vauban - Esquermes,59000,Appartement,Lille 59000 (Vauban - Esquermes)
"Studio 31 m²
Lille 59000 (Wazemmes)",1,31,No,680,Wazemmes,59000,Studio,Lille 59000 (Wazemmes)
"Appartement 2 pièces 49 m²
Lille 59000 (Bois Blanc)",2,49,No,1027,Bois Blanc,59000,Appartement,Lille 59000 (Bois Blanc)
"Appartement 5 pièces 121 m²
Lille 59000 (Wazemmes)",5,121,No,877,Wazemmes,59000,Appartement,Lille 59000 (Wazemmes)
"Appartement 2 pièces 86 m²
Lille 59000 (Centre-ville - Euralille)",2,86,No,626,Centre-ville - Euralille,59000,Appartement,Lille 59000 (Centre-ville - Euralille)
"Appartement 2 pièces 43 m²
Lille 59000 (Wazemmes)",2,43,No,935,Wazemmes,59000,Appartement,Lille 59000 (Wazemmes)
"Appartement 3 pièces 84 m²
Lille 59000 (Vauban - Esquermes)",3,84,No,790,Vauban - Esquermes,59000,Appartement,Lille 59000 (Vauban - Esquermes)
"Appartement 2 pièces 48 m²
Lille 59000 (Vauban - Esquermes)",2,48,No,700,Vauban - Esquermes,59000,Appartement,Lille 59000 (Vauban - Esquermes)
"Appartement 2 pièces 46 m²
Lille 59000 (Wazemmes)",2,46,No,530,Wazemmes,59000,Appartement,Lille 59000 (Wazemmes)
"Appartement meublé 1 pièce 27 m²
Lille 59000 (Moulins)",1,27,No,2800,Moulins,59000,Appartement,Lille 59000 (Moulins)
"Appartement 5 pièces 220 m²
Lille 59800 (Saint-Maurice - Pellevoisin)",5,220,No,519,Saint-Maurice - Pellevoisin,59800,Appartement,Lille 59800 (Saint-Maurice - Pellevoisin)
"Appartement meublé 1 pièce 21 m²
Euralille 59777 (Centre-ville - Euralille)",1,21,No,695,Centre-ville - Euralille,59777,Appartement,Euralille 59777 (Centre-ville - Euralille)
"Appartement 3 pièces 52 m²
Lille 59000 (Moulins)",3,52,No,518,Moulins,59000,Appartement,Lille 59000 (Moulins)
"Studio 35 m²
Lille 59000 (Fives)",1,35,No,540,Fives,59000,Studio,Lille 59000 (Fives)
"Studio 36 m²
Lille 59800 (Centre-ville - Euralille)",1,36,No,670,Centre-ville - Euralille,59800,Studio,Lille 59800 (Centre-ville - Euralille)
"Appartement 2 pièces 43 m²
Lille 59000 (Fives)",2,43,No,695,Fives,59000,Appartement,Lille 59000 (Fives)
"Appartement 2 pièces 40 m²
Lille 59000 (Vauban - Esquermes)",2,40,No,660,Vauban - Esquermes,59000,Appartement,Lille 59000 (Vauban - Esquermes)
"Appartement 2 pièces 49 m²
Lille 59000 (Wazemmes)",2,49,No,790,Wazemmes,59000,Appartement,Lille 59000 (Wazemmes)
"Appartement 3 pièces 68 m²
Lille 59000 (Lille-Sud)",3,68,No,490,Lille-Sud,59000,Appartement,Lille 59000 (Lille-Sud)
"Appartement 1 pièce 32 m²
Lille 59800 (Saint-Maurice - Pellevoisin)",1,32,No,727,Saint-Maurice - Pellevoisin,59800,Appartement,Lille 59800 (Saint-Maurice - Pellevoisin)
"Appartement 2 pièces 48 m²
Lille 59000 (Wazemmes)",2,48,No,1262,Wazemmes,59000,Appartement,Lille 59000 (Wazemmes)
"Maison 4 pièces 90 m²
Lille 59000 (Saint-Maurice - Pellevoisin)",4,90,No,890,Saint-Maurice - Pellevoisin,59000,Maison,Lille 59000 (Saint-Maurice - Pellevoisin)
"Appartement 3 pièces 68 m²
Lille 59000 (Bois Blanc)",3,68,No,630,Bois Blanc,59000,Appartement,Lille 59000 (Bois Blanc)
"Appartement 2 pièces 34 m²
Lille 59000 (Wazemmes)",2,34,No,593,Wazemmes,59000,Appartement,Lille 59000 (Wazemmes)
"Appartement 3 pièces 45 m²
Lille 59000 (Vauban - Esquermes)",3,45,No,700,Vauban - Esquermes,59000,Appartement,Lille 59000 (Vauban - Esquermes)
"Appartement 2 pièces 50 m²
Lille 59000 (Vauban - Esquermes)",2,50,No,630,Vauban - Esquermes,59000,Appartement,Lille 59000 (Vauban - Esquermes)
"Appartement 2 pièces 50 m²
Lille 59000 (Centre-ville - Euralille)",2,50,No,720,Centre-ville - Euralille,59000,Appartement,Lille 59000 (Centre-ville - Euralille)
"Appartement 2 pièces 56 m²
Lille 59000 (Bois Blanc)",2,56,No,526,Bois Blanc,59000,Appartement,Lille 59000 (Bois Blanc)
"Studio 31 m²
Lille 59000 (Wazemmes)",1,31,No,581,Wazemmes,59000,Studio,Lille 59000 (Wazemmes)
"Appartement 2 pièces 28 m²
Lille 59800 (Centre-ville - Euralille)",2,28,No,475,Centre-ville - Euralille,59800,Appartement,Lille 59800 (Centre-ville - Euralille)
"Studio 23 m²
Lille 59000 (Fives)",1,23,No,438,Fives,59000,Studio,Lille 59000 (Fives)
"Appartement meublé 1 pièce 18 m²
Lille 59800 (Centre-ville - Euralille)",1,18,No,790,Centre-ville - Euralille,59800,Appartement,Lille 59800 (Centre-ville - Euralille)
"Appartement 2 pièces 47 m²
Lille 59000 (Centre-ville - Euralille)",2,47,No,649,Centre-ville - Euralille,59000,Appartement,Lille 59000 (Centre-ville - Euralille)
"Appartement 2 pièces 46 m²
Lille 59000 (Lille-Sud)",2,46,No,662,Lille-Sud,59000,Appartement,Lille 59000 (Lille-Sud)
"Appartement 2 pièces 47 m²
Lille 59000 (Vauban - Esquermes)",2,47,No,626,Vauban - Esquermes,59000,Appartement,Lille 59000 (Vauban - Esquermes)
"Appartement meublé 1 pièce 30 m²
Lille 59000 (Centre-ville - Euralille)",1,30,No,934,Centre-ville - Euralille,59000,Appartement,Lille 59000 (Centre-ville - Euralille)
"Appartement 3 pièces 79 m²
Lille 59000 (Saint-Maurice - Pellevoisin)",3,79,No,730,Saint-Maurice - Pellevoisin,59000,Appartement,Lille 59000 (Saint-Maurice - Pellevoisin)
"Appartement 2 pièces 38 m²
Lille 59000 (Fives)",2,38,No,893,Fives,59000,Appartement,Lille 59000 (Fives)
"Appartement 2 pièces 61 m²
Lille 59800 (Centre-ville - Euralille)",2,61,No,640,Centre-ville - Euralille,59800,Appartement,Lille 59800 (Centre-ville - Euralille)
"Appartement 2 pièces 47 m²
Lille 59000 (Wazemmes)",2,47,No,695,Wazemmes,59000,Appartement,Lille 59000 (Wazemmes)
"Appartement 3 pièces 71 m²
Lille 59000 (Fives)",3,71,No,500,Fives,59000,Appartement,Lille 59000 (Fives)
"Appartement meublé 1 pièce 24 m²
Lille 59000 (Wazemmes)",1,24,No,902,Wazemmes,59000,Appartement,Lille 59000 (Wazemmes)
"Appartement 3 pièces 67 m²
Lille 59000 (Lille-Sud)",3,67,No,718,Lille-Sud,59000,Appartement,Lille 59000 (Lille-Sud)
"Appartement 3 pièces 50 m²
Lomme 59160 (Mitterie)",3,50,No,587,Mitterie,59160,Appartement,Lomme 59160 (Mitterie)
"Appartement 2 pièces 60 m²
Lille 59800 (Fives)",2,60,No,652,Fives,59800,Appartement,Lille 59800 (Fives)
"Appartement 2 pièces 42 m²
Lille 59000 (Wazemmes)",2,42,No,599,Wazemmes,59000,Appartement,Lille 59000 (Wazemmes)
"Studio meublé 20 m²
Lille 59800 (Centre-ville - Euralille)",1,20,No,920,Centre-ville - Euralille,59800,Studio,Lille 59800 (Centre-ville - Euralille)
"Appartement 4 pièces 77 m²
Lomme 59160 (Mitterie)",4,77,No,900,Mitterie,59160,Appartement,Lomme 59160 (Mitterie)
"Appartement 3 pièces 70 m²
Lille 59160 (Sud Marais)",3,70,No,740,Sud Marais,59160,Appartement,Lille 59160 (Sud Marais)
"Maison 4 pièces 74 m²
Lille 59000 (Fives)",4,74,No,1007,Fives,59000,Maison,Lille 59000 (Fives)
"Appartement 4 pièces 98 m²
Lille 59000 (Faubourg de Béthune)",4,98,No,888,Faubourg de Béthune,59000,Appartement,Lille 59000 (Faubourg de Béthune)
"Appartement 2 pièces 65 m²
Lille 59800 (Vieux Lille)",2,65,No,665,Vieux Lille,59800,Appartement,Lille 59800 (Vieux Lille)
"Appartement 3 pièces 50 m²
Lille 59000 (Fives)",3,50,No,526,Fives,59000,Appartement,Lille 59000 (Fives)
"Studio 31 m²
Lille 59000 (Wazemmes)",1,31,No,593,Wazemmes,59000,Studio,Lille 59000 (Wazemmes)
"Appartement 3 pièces 45 m²
Lille 59000 (Vauban - Esquermes)",3,45,No,540,Vauban - Esquermes,59000,Appartement,Lille 59000 (Vauban - Esquermes)
"Studio 25 m²
Lille 59800 (Wazemmes)",1,25,No,712,Wazemmes,59800,Studio,Lille 59800 (Wazemmes)
"Appartement 2 pièces 49 m²
Lille 59000 (Vauban - Esquermes)",2,49,No,595,Vauban - Esquermes,59000,Appartement,Lille 59000 (Vauban - Esquermes)
"Appartement 2 pièces 33 m²
Lille 59000 (Lille-Sud)",2,33,No,629,Lille-Sud,59000,Appartement,Lille 59000 (Lille-Sud)
"Appartement 2 pièces 49 m²
Lomme 59160 (Mitterie)",2,49,No,894,Mitterie,59160,Appartement,Lomme 59160 (Mitterie)
"Appartement 3 pièces 54 m²
Lille 59000 (Vieux Lille)",3,54,No,560,Vieux Lille,59000,Appartement,Lille 59000 (Vieux Lille)
"Appartement meublé 1 pièce 22 m²
Lille 59800 (Vieux Lille)",1,22,No,559,Vieux Lille,59800,Appartement,Lille 59800 (Vieux Lille)
"Appartement meublé 2 pièces 30 m²
Lille 59000 (Moulins)",2,30,No,610,Moulins,59000,Appartement,Lille 59000 (Moulins)
"Appartement 2 pièces 41 m²
Hellemmes-Lille 59260 (Hellemmes Centre-ville - Pavé du Moulin)",2,41,No,910,Hellemmes ,59260,Appartement,Hellemmes-Lille 59260 (Hellemmes Centre-ville - Pavé du Moulin)
"Appartement 4 pièces 80 m²
Hellemmes-Lille 59260 (Hellemmes Centre-ville - Pavé du Moulin)",4,80,No,770,Hellemmes ,59260,Appartement,Hellemmes-Lille 59260 (Hellemmes Centre-ville - Pavé du Moulin)
"Appartement 3 pièces 67 m²
Hellemmes-Lille 59260 (Hellemmes Centre-ville - Pavé du Moulin)",3,67,No,748,Hellemmes ,59260,Appartement,Hellemmes-Lille 59260 (Hellemmes Centre-ville - Pavé du Moulin)
"Appartement 2 pièces 48 m²
Lille 59000 (Saint-Maurice - Pellevoisin)",2,48,No,529,Saint-Maurice - Pellevoisin,59000,Appartement,Lille 59000 (Saint-Maurice - Pellevoisin)
"Appartement 1 pièce 35 m²
Lille 59000 (Centre-ville - Euralille)",1,35,No,811,Centre-ville - Euralille,59000,Appartement,Lille 59000 (Centre-ville - Euralille)
"Appartement 3 pièces 65 m²
Lille 59000 (Wazemmes)",3,65,No,480,Wazemmes,59000,Appartement,Lille 59000 (Wazemmes)
"Studio meublé 19 m²
Lille 59000 (Faubourg de Béthune)",1,19,No,699,Faubourg de Béthune,59000,Studio,Lille 59000 (Faubourg de Béthune)
"Appartement 2 pièces 56 m²
Lomme 59160 (Mitterie)",2,56,No,604,Mitterie,59160,Appartement,Lomme 59160 (Mitterie)
"Appartement 2 pièces 50 m²
Lille 59000 (Lille-Sud)",2,50,No,710,Lille-Sud,59000,Appartement,Lille 59000 (Lille-Sud)
"Appartement 2 pièces 49 m²
Lille 59000 (Wazemmes)",2,49,No,830,Wazemmes,59000,Appartement,Lille 59000 (Wazemmes)
"Appartement 3 pièces 62 m²
Lomme 59160 (Sud Marais)",3,62,No,395,Sud Marais,59160,Appartement,Lomme 59160 (Sud Marais)
"Appartement 2 pièces 31 m²
Lomme 59160 (Sud Marais)",2,31,No,841,Sud Marais,59160,Appartement,Lomme 59160 (Sud Marais)
"Appartement 3 pièces 66 m²
Lille 59000 (Saint-Maurice - Pellevoisin)",3,66,No,700,Saint-Maurice - Pellevoisin,59000,Appartement,Lille 59000 (Saint-Maurice - Pellevoisin)
"Appartement 2 pièces 51 m²
Lomme 59160 (Bourg - Délivrance)",2,51,No,975,Bourg - Délivrance,59160,Appartement,Lomme 59160 (Bourg - Délivrance)
"Appartement 3 pièces 70 m²
Lille 59000 (Wazemmes)",3,70,No,560,Wazemmes,59000,Appartement,Lille 59000 (Wazemmes)
"Appartement 2 pièces 34 m²
Lille 59000 (Bourg - Délivrance)",2,34,No,760,Bourg - Délivrance,59000,Appartement,Lille 59000 (Bourg - Délivrance)
"Appartement 2 pièces 50 m²
Lille 59000 (Vauban - Esquermes)",2,50,No,2200,Vauban - Esquermes,59000,Appartement,Lille 59000 (Vauban - Esquermes)
"Appartement 4 pièces 188 m²
Lille 59000 (Vauban - Esquermes)",4,188,No,526,Vauban - Esquermes,59000,Appartement,Lille 59000 (Vauban - Esquermes)
"Studio 31 m²
Lille 59000 (Wazemmes)",1,31,No,455,Wazemmes,59000,Studio,Lille 59000 (Wazemmes)
"Studio 31 m²
Lille 59000 (Lille-Sud)",1,31,No,660,Lille-Sud,59000,Studio,Lille 59000 (Lille-Sud)
"Appartement 2 pièces 44 m²
Lille 59000 (Vauban - Esquermes)",2,44,No,505,Vauban - Esquermes,59000,Appartement,Lille 59000 (Vauban - Esquermes)
"Studio meublé 19 m²
Lille 59000 (Wazemmes)",1,19,No,510,Wazemmes,59000,Studio,Lille 59000 (Wazemmes)
"Studio meublé 24 m²
Lille 59000 (Wazemmes)",1,24,No,570,Wazemmes,59000,Studio,Lille 59000 (Wazemmes)
"Studio meublé 29 m²
Lille 59000 (Moulins)",1,29,No,670,Moulins,59000,Studio,Lille 59000 (Moulins)
"Appartement 2 pièces 49 m²
Lille 59000 (Wazemmes)",2,49,No,569,Wazemmes,59000,Appartement,Lille 59000 (Wazemmes)
"Appartement 2 pièces 37 m²
Lille 59000 (Centre-ville - Euralille)",2,37,No,481,Centre-ville - Euralille,59000,Appartement,Lille 59000 (Centre-ville - Euralille)
"Appartement 1 pièce 19 m²
Lille 59000 (Faubourg de Béthune)",1,19,No,580,Faubourg de Béthune,59000,Appartement,Lille 59000 (Faubourg de Béthune)
"Studio meublé 23 m²
Lille 59000 (Wazemmes)",1,23,No,670,Wazemmes,59000,Studio,Lille 59000 (Wazemmes)
"Appartement 2 pièces 39 m²
Lille 59000 (Hellemmes - Barrière)",2,39,No,713,Hellemmes ,59000,Appartement,Lille 59000 (Hellemmes - Barrière)
"Appartement 2 pièces 52 m²
Lille 59000 (Vieux Lille)",2,52,No,665,Vieux Lille,59000,Appartement,Lille 59000 (Vieux Lille)
"Appartement 2 pièces 44 m²
Lille 59000 (Centre-ville - Euralille)",2,44,No,661,Centre-ville - Euralille,59000,Appartement,Lille 59000 (Centre-ville - Euralille)
"Appartement 2 pièces 53 m²
Lille 59000 (Bois Blanc)",2,53,No,912,Bois Blanc,59000,Appartement,Lille 59000 (Bois Blanc)
"Appartement 3 pièces 74 m²
Lille 59000 (Vieux Lille)",3,74,No,690,Vieux Lille,59000,Appartement,Lille 59000 (Vieux Lille)
"Appartement 2 pièces 42 m²
Lille 59000 (Hellemmes - Barrière)",2,42,No,811,Hellemmes ,59000,Appartement,Lille 59000 (Hellemmes - Barrière)
"Appartement 2 pièces 52 m²
Lille 59800 (Vauban - Esquermes)",2,52,No,540,Vauban - Esquermes,59800,Appartement,Lille 59800 (Vauban - Esquermes)
"Appartement 2 pièces 43 m²
Hellemmes-Lille 59260 (Hellemmes Centre-ville - Pavé du Moulin)",2,43,No,470,Hellemmes ,59260,Appartement,Hellemmes-Lille 59260 (Hellemmes Centre-ville - Pavé du Moulin)
"Appartement 1 pièce 26 m²
Lille 59000 (Wazemmes)",1,26,No,1245,Wazemmes,59000,Appartement,Lille 59000 (Wazemmes)
"Duplex 4 pièces 83 m²
Lille 59000 (Centre-ville - Euralille)",4,83,No,500,Centre-ville - Euralille,59000,VILLA,Lille 59000 (Centre-ville - Euralille)
"Studio 26 m²
Lille 59000 (Centre-ville - Euralille)",1,26,No,1060,Centre-ville - Euralille,59000,Studio,Lille 59000 (Centre-ville - Euralille)
"Appartement 3 pièces 76 m²
Lille 59000 (Saint-Maurice - Pellevoisin)",3,76,No,798,Saint-Maurice - Pellevoisin,59000,Appartement,Lille 59000 (Saint-Maurice - Pellevoisin)
"Appartement 2 pièces 56 m²
Lille 59000 (Moulins)",2,56,No,932,Moulins,59000,Appartement,Lille 59000 (Moulins)
"Appartement 3 pièces 75 m²
Lille 59000 (Moulins)",3,75,No,1060,Moulins,59000,Appartement,Lille 59000 (Moulins)
"Appartement 4 pièces 97 m²
Lille 59000 (Moulins)",4,97,No,526,Moulins,59000,Appartement,Lille 59000 (Moulins)
"Studio 31 m²
Lille 59000 (Wazemmes)",1,31,No,720,Wazemmes,59000,Studio,Lille 59000 (Wazemmes)
"Appartement 2 pièces 56 m²
Lille 59000 (Bois Blanc)",2,56,No,1212,Bois Blanc,59000,Appartement,Lille 59000 (Bois Blanc)
"Appartement 5 pièces 113 m²
Lille 59000 (Moulins)",5,113,No,669,Moulins,59000,Appartement,Lille 59000 (Moulins)
"Appartement 2 pièces 58 m²
Hellemmes-Lille 59260 (Hellemmes Centre-ville - Pavé du Moulin)",2,58,No,790,Hellemmes ,59260,Appartement,Hellemmes-Lille 59260 (Hellemmes Centre-ville - Pavé du Moulin)
"Appartement 3 pièces 65 m²
Lille 59000 (Centre-ville - Euralille)",3,65,No,757,Centre-ville - Euralille,59000,Appartement,Lille 59000 (Centre-ville - Euralille)
"Appartement 2 pièces 50 m²
Lille 59000 (Centre-ville - Euralille)",2,50,No,630,Centre-ville - Euralille,59000,Appartement,Lille 59000 (Centre-ville - Euralille)
"Appartement 3 pièces 65 m²
Lille 59000 (Moulins)",3,65,No,605,Moulins,59000,Appartement,Lille 59000 (Moulins)
"Studio 29 m²
Lille 59000 (Centre-ville - Euralille)",1,29,No,427,Centre-ville - Euralille,59000,Studio,Lille 59000 (Centre-ville - Euralille)
"Studio 18 m²
Lille 59000 (Vauban - Esquermes)",1,18,No,300,Vauban - Esquermes,59000,Studio,Lille 59000 (Vauban - Esquermes)
"Appartement 1 pièce 9 m²
Lille 59800 (Centre-ville - Euralille)",1,9,No,810,Centre-ville - Euralille,59800,Appartement,Lille 59800 (Centre-ville - Euralille)
"Appartement 3 pièces 64 m²
Lille 59800 (Saint-Maurice - Pellevoisin)",3,64,No,490,Saint-Maurice - Pellevoisin,59800,Appartement,Lille 59800 (Saint-Maurice - Pellevoisin)
"Appartement 1 pièce 18 m²
Lille 59000 (Moulins)",1,18,No,2505,Moulins,59000,Appartement,Lille 59000 (Moulins)
"Appartement 6 pièces 204 m²
Lille 59000 (Centre-ville - Euralille)",6,204,No,582,Centre-ville - Euralille,59000,Appartement,Lille 59000 (Centre-ville - Euralille)
"Appartement 2 pièces 50 m²
Lille 59000 (Lille-Sud)",2,50,No,458,Lille-Sud,59000,Appartement,Lille 59000 (Lille-Sud)
"Appartement 2 pièces 19 m²
Lille 59800 (Fives)",2,19,No,801,Fives,59800,Appartement,Lille 59800 (Fives)
"Appartement 2 pièces 56 m²
Lille 59000 (Moulins)",2,56,No,947,Moulins,59000,Appartement,Lille 59000 (Moulins)
"Appartement 3 pièces 75 m²
Lille 59000 (Moulins)",3,75,No,1450,Moulins,59000,Appartement,Lille 59000 (Moulins)
"Appartement 6 pièces 176 m²
Lille 59000 (Wazemmes)",6,176,No,445,Wazemmes,59000,Appartement,Lille 59000 (Wazemmes)
"Studio 21 m²
Lille 59000 (Moulins)",1,21,No,750,Moulins,59000,Studio,Lille 59000 (Moulins)
"Appartement 3 pièces 54 m²
Lille 59000 (Vauban - Esquermes)",3,54,No,663,Vauban - Esquermes,59000,Appartement,Lille 59000 (Vauban - Esquermes)
"Appartement 2 pièces 41 m²
Lille 59000 (Moulins)",2,41,No,801,Moulins,59000,Appartement,Lille 59000 (Moulins)
"Appartement 2 pièces 56 m²
Lille 59000 (Moulins)",2,56,No,898,Moulins,59000,Appartement,Lille 59000 (Moulins)
"Appartement 4 pièces 103 m²
Lille 59000 (Lille-Sud)",4,103,No,670,Lille-Sud,59000,Appartement,Lille 59000 (Lille-Sud)
"Appartement 2 pièces 46 m²
Lille 59000 (Vauban - Esquermes)",2,46,No,953,Vauban - Esquermes,59000,Appartement,Lille 59000 (Vauban - Esquermes)
"Appartement 3 pièces 68 m²
Lille 59000 (Vieux Lille)",3,68,Yes,214025.5,Vieux Lille,59000,Appartement,Lille 59000 (Vieux Lille)
"EDENIUM (appartements neufs 2 à 5 pièces)
Lille 59000 (Lille-Sud)",2,67,Yes,277500,Lille-Sud,59000,Appartement,Lille 59000 (Lille-Sud)
"VILL'ARBOREA (appartements neufs 1 à 5 pièces)
Lille 59160 (Bourg - Délivrance)",1,54,Yes,246360,Bourg - Délivrance,59160,Appartement,Lille 59160 (Bourg - Délivrance)
"EDENIUM (appartements neufs 2 à 5 pièces)
Lille 59000 (Lille-Sud)",2,43,Yes,257000,Lille-Sud,59000,Appartement,Lille 59000 (Lille-Sud)
"PARENTHESE VERTE (appartements neufs 1 à 4 pièces)
Lille 59000 (Lille-Sud)",1,60,Yes,535000,Lille-Sud,59000,Appartement,Lille 59000 (Lille-Sud)
"LES VILLAS DE LA VISSERIE (3 à 5 pièces)
Lille 59000 (Centre-ville - Euralille)",3,42,Yes,240000,Centre-ville - Euralille,59000,VILLA,Lille 59000 (Centre-ville - Euralille)
"PAVILLON DU JARDIN DES PLANTES (appartements neufs 3 pièces)
Lille 59000 (Moulins)",3,38,Yes,161000,Moulins,59000,Appartement,Lille 59000 (Moulins)
"L'INTERLUDE (appartements neufs 1 à 3 pièces)
Lille 59000 (Fives)",1,38,Yes,223000,Fives,59000,Appartement,Lille 59000 (Fives)
"Synésens (appartements neufs 2 à 5 pièces)
Lille 59000 (Centre-ville - Euralille)",2,49,Yes,250500,Centre-ville - Euralille,59000,Appartement,Lille 59000 (Centre-ville - Euralille)
"RESIDENCE QWEST HELLEMMES (appartements neufs 2 à 4 pièces)
Hellemmes-Lille 59260 (Hellemmes Centre-ville - Pavé du Moulin)",3,36,Yes,192388.5,Hellemmes ,59260,Appartement,Hellemmes-Lille 59260 (Hellemmes Centre-ville - Pavé du Moulin)
"Quartier Latin (appartements neufs 3 à 4 pièces)
Lille 59000 (Centre-ville - Euralille)",3,47,Yes,495500,Centre-ville - Euralille,59000,Appartement,Lille 59000 (Centre-ville - Euralille)
"CONVERGENCE (appartements neufs 3 à 4 pièces)
Lille 59000 (Centre-ville - Euralille)",3,42,Yes,377500,Centre-ville - Euralille,59000,Appartement,Lille 59000 (Centre-ville - Euralille)
"LE PARVIS (appartements neufs 3 à 4 pièces)
Lille 59000 (Saint-Maurice - Pellevoisin)",3,38,Yes,204000,Saint-Maurice - Pellevoisin,59000,Appartement,Lille 59000 (Saint-Maurice - Pellevoisin)
"Grafik (appartements neufs 2 à 3 pièces)
Lomme 59160 (Bourg - Délivrance)",2,58,No,345400,Bourg - Délivrance,59160,Appartement,Lomme 59160 (Bourg - Délivrance)
"Montaigne (appartement neuf 4 pièces, 83 m²)
Lomme 59160 (Moulins)",4,83,Yes,161447.5,Moulins,59160,Appartement,Lomme 59160 (Moulins)
"Jules Verne (appartements neufs 2 à 5 pièces)
Lille 59000 (Lille-Sud)",2,41,No,342900,Lille-Sud,59000,Appartement,Lille 59000 (Lille-Sud)
"TOPAZE (appartement neuf 4 pièces, 83 m²)
Lomme 59160 (Bourg - Délivrance)",4,83,Yes,389000,Bourg - Délivrance,59160,Appartement,Lomme 59160 (Bourg - Délivrance)
"CONVERGENCE (appartements neufs 3 à 4 pièces)
Lille 59000 (Saint-Maurice - Pellevoisin)",3,45,Yes,208000,Saint-Maurice - Pellevoisin,59000,Appartement,Lille 59000 (Saint-Maurice - Pellevoisin)
"Magnolia (appartements neufs 1 à 2 pièces)
Lomme 59160 (Bourg - Délivrance)",1,24,Yes,204000,Bourg - Délivrance,59160,Appartement,Lomme 59160 (Bourg - Délivrance)
"Hélène (appartements neufs 1 à 4 pièces)
Hellemmes-Lille 59260 (Hellemmes Centre-ville - Pavé du Moulin)",3,54,Yes,221500,Hellemmes ,59260,Appartement,Hellemmes-Lille 59260 (Hellemmes Centre-ville - Pavé du Moulin)
"LES JARDINS DE LOMME (appartements neufs 1 à 4 pièces)
Lomme 59160 (Mitterie)",1,31,Yes,318500,Mitterie,59160,Appartement,Lomme 59160 (Mitterie)
"LES JARDINS DE RONSARD (appartements neufs 2 à 4 pièces)
Lomme 59160 (Bourg - Délivrance)",2,22,Yes,233950,Bourg - Délivrance,59160,Appartement,Lomme 59160 (Bourg - Délivrance)
"INTENCITY (appartements neufs 2 à 3 pièces)
Lille 59000 (Moulins)",2,27,Yes,214025.5,Moulins,59000,Appartement,Lille 59000 (Moulins)
"EDENIUM (appartements neufs 2 à 5 pièces)
Lille 59000 (Lille-Sud)",2,34,Yes,322750,Lille-Sud,59000,Appartement,Lille 59000 (Lille-Sud)
"L'INSTITUT (appartements neufs 2 à 4 pièces)
Lille 59000 (Centre-ville - Euralille)",2,54,Yes,555516.5,Centre-ville - Euralille,59000,Appartement,Lille 59000 (Centre-ville - Euralille)
"HANGOUART (appartements neufs 3 à 5 pièces)
Lille 59000 (Vieux Lille)",3,48,No,369000,Vieux Lille,59000,Appartement,Lille 59000 (Vieux Lille)
"EMBLEM (appartements neufs 1 à 5 pièces)
Lille 59000 (Centre-ville - Euralille)",1,25,No,248000,Centre-ville - Euralille,59000,Appartement,Lille 59000 (Centre-ville - Euralille)
"VILLA DES ARTS (appartement neuf 3 pièces, 73 m²)
Lille 59000 (Centre-ville - Euralille)",3,73,Yes,268000,Centre-ville - Euralille,59000,VILLA,Lille 59000 (Centre-ville - Euralille)
"Le Rubix (appartement neuf 3 pièces, 64 m²)
Lille 59000 (Lille-Sud)",3,64,No,171000,Lille-Sud,59000,Appartement,Lille 59000 (Lille-Sud)
"So Home (appartements neufs 4 à 5 pièces)
Lille 59000 (Lille-Sud)",4,66,Yes,372400,Lille-Sud,59000,Appartement,Lille 59000 (Lille-Sud)
"Appartement neuf 5 pièces
Lille 59800 (Fives)",5,61,Yes,277750,Fives,59800,Appartement,Lille 59800 (Fives)
"Programme Immobilier à LILLE (appartements neufs 3 à 4 pièces)
Lille 59000 (Bourg - Délivrance)",3,40,No,257250,Bourg - Délivrance,59000,Appartement,Lille 59000 (Bourg - Délivrance)
"Programme Immobilier à LILLE (appartements neufs 2 à 5 pièces)
Lille 59000 (Wazemmes)",2,48,Yes,328762.5,Wazemmes,59000,Appartement,Lille 59000 (Wazemmes)
